id,imgname,query,ground_truth,ground_truth_ar,type,model_answer,evaluation_passed,run_time
0,two_col_22779.png,كم عدد الكليات التي كانت في بنغالورو عام 2019؟,880,٨٨٠,augmented,880,True,4.946
1,two_col_22779.png,ما هي عاصمة راجستان؟,Jaipur,جايبور,augmented,Jaipur,True,2.039
2,two_col_2902.png,في أي عام انخفض متوسط حجم الأسرة إلى 2.36؟,2004,٢٠٠٤,augmented,2002، 2003، 2005، 2006، 2007، 2008، 2009، 2010، 2011، 2012,False,1.843
3,two_col_2902.png,ما هو متوسط عدد الأفراد في الأسرة في المملكة المتحدة عام 2020؟,2.39,٢.٣٩,augmented,2.39,True,2.51
4,two_col_2902.png,ما هو متوسط حجم الأسرة في منتصف التسعينيات؟,2.42,٢.٤٢,augmented,2.42,True,1.545
5,two_col_42948.png,ما هي كمية الفضة التي استُوردت إلى الهند في السنة المالية 2020؟,191.62,١٩١.٦٢,augmented,191.62 billion Indian rupees,True,2.362
6,two_col_100606.png,كم بلغ إنفاق حملة هيلاري كلينتون على وسائل الإعلام حتى أغسطس 2016؟,74.8,٧٤.٨,augmented,74.8 مليون دولار أمريكي,True,1.891
7,two_col_24309.png,كم حققت أفلام إنكريدبلز 2 من أموال في الولايات المتحدة بين عامي 1995 و 2021؟,608.58,٦٠٨.٥٨,augmented,608.58 مليون دولار أمريكي,True,2.175
8,two_col_23856.png,ما المتجر الذي اختاره عدد أكبر من الهنغاريين للتسوق من البقالة عبر الإنترنت في الشهر المقبل؟,Tesco,تيسكو,augmented,Tesco,True,1.715
9,two_col_5486.png,ما هو معدل البطالة لقطاع المرافق في كندا عام 2020؟,1.9,١.٩,augmented,1.9%,True,2.42
10,two_col_5486.png,ما هو معدل البطالة في القطاع الزراعي في كندا عام 2020؟,4.9,٤.٩,augmented,4.9%,True,1.972
11,two_col_40019.png,ما هو صافي واردات النفط الصينية في عام 2013؟,6.2,٦.٢,augmented,6.2 مليون برميل يومياً,True,2.051
12,two_col_102530.png,ما هي أغلى وجهة شاطئية في فلوريدا عام 2015؟,Marco Island,جزيرة ماركو,augmented,Marco Island، $302,True,2.729
13,two_col_40361.png,ما هو معدل وفيات الرضع في كيريباتي عام 2019؟,40.1,٤٠.١,augmented,"40.1 Deaths per 1,000 live births",True,2.149
14,two_col_23137.png,ما كان متوسط سعر التذكرة لمباريات البانثرز في موسم 2005/06؟,44.28,٤٤.٢٨,augmented,44.28,True,1.888
15,two_col_101507.png,ما كانت نتيجة سينجيتا غروميتي؟,99.75,٩٩.٧٥,augmented,99.75,True,3.461
16,two_col_104592.png,ما هي قيمة أصول البنوك المحلية الفرنسية في عام 2016؟,6853,٦٨٥٣,augmented,6 853 billion euros,False,1.911
17,two_col_62053.png,ما هو متوسط تكلفة الإقامة ليوم واحد في نزل رخيص في زيورخ؟,126.53,١٢٦.٥٣,augmented,126.53$,True,2.963
18,two_col_23835.png,كم عدد الدولارات التي استُثمرت في أوروبا في عام 2019؟,100.89,١٠٠.٨٩,augmented,$101 billion,False,2.151
19,two_col_100456.png,كم كان راتب لاعبي فريق بورتلاند تريل بليزرز في موسم 2019/20؟,133,١٣٣,augmented,133 مليون دولار أمريكي,True,1.901
20,two_col_5627.png,ما هو العدد المتوقع للسياح الوافدين إلى قطر بحلول عام 2022؟,3.7,٣.٧,augmented,3.7 مليون,True,2.965
21,two_col_22746.png,ما هي طريقة الدفع التي استخدمها 14% من مستخدمي المحافظ الإلكترونية للدفع عند نقاط البيع داخل المتجر؟,Android Pay,أندرويد باي,augmented,Android Pay,True,2.22
22,two_col_102730.png,ما هي النسبة المئوية من اكتشافات برامج الفدية العالمية التي مثلتها الولايات المتحدة؟,29,٢٩,augmented,29%,True,1.693
23,two_col_62477.png,ما هو إجمالي الإنفاق الاستهلاكي للأسرة في الربع الرابع من عام 2019؟,277811,٢٧٧٨١١,augmented,278 000 million Australian dollars,False,1.854
24,two_col_102509.png,ما هو مستوى استهلاك الطاقة في القطاع الزراعي والغذائي الذي تم قياسه في عام 2008؟,37.3,٣٧.٣,augmented,37.3 Mtoe,True,3.331
25,two_col_102509.png,ما هو استهلاك الطاقة للقطاع الزراعي والغذائي في عام 2009؟,30.3,٣٠.٣,augmented,30.3 Mtoe,True,1.741
26,two_col_103172.png,كم عدد ماسحات التصوير المقطعي بالإصدار البوزيتروني (PET) في اليونان عام 2018؟,13,١٣,augmented,13,True,1.498
27,two_col_40849.png,ما هو الناتج المحلي الإجمالي لولاية نبراسكا بالدولار في عام 2020؟,114.96,١١٤.٩٦,augmented,$115.1 billion,False,2.182
28,two_col_3680.png,ما هي أكبر دولة في أمريكا الجنوبية؟,Brazil,البرازيل,augmented,Brazil,True,2.846
29,two_col_3680.png,ما هي المساحة الإجمالية لأرجينتينا؟,2780400,٢٧٨٠٤٠٠,augmented,2 780 400,False,1.607
30,two_col_22285.png,ما هي المنطقة التي حققت أعلى حصة من قيمة سوق رعاية صحة الحيوان العالمي في عام 2017؟,North America,أمريكا الشمالية,augmented,North America,True,1.857
31,two_col_22285.png,ما هي النسبة المئوية من إجمالي قيمة سوق رعاية صحة الحيوان التي استحوذت عليها أمريكا الشمالية في عام 2017؟,30.6,٣٠.٦,augmented,30.6%,True,1.553
32,two_col_5054.png,ما هي نسبة إيرادات موقع إيباي التي تم توليدها من المعاملات في الربع الأخير؟,2707,٢٧٠٧,augmented,لا توجد بيانات,False,1.514
33,two_col_100037.png,من لعب أكبر عدد من المباريات في تاريخ فريق لوس أنجلوس دودجرز؟,Zack Wheat,زاك ويت,augmented,Zack Wheat، 2 322,True,2.143
34,two_col_21207.png,ما هو عدد المستخدمين المعتمدين على الهاتف المحمول فقط في الربع الرابع من عام 2016؟,823,٨٢٣,augmented,1 149 مليون,False,1.921
35,two_col_21207.png,كم عدد مستخدمي فيسبوك الذين وصلوا إلى موقع التواصل الاجتماعي عبر جهاز محمول فقط كل شهر اعتبارًا من الربع الرابع لعام 2016؟,823,٨٢٣,augmented,1 149 مليون,False,1.986
36,two_col_6090.png,كم عدد مشاهدات القناة التي حققتها دوف خلال فترة المسح؟,145.69,١٤٥.٦٩,augmented,145.69 مليون,True,1.649
37,two_col_6090.png,ما هي العلامة التجارية التجميلية التي حققت 145.69 مليون مشاهدة للقنوات خلال فترة المسح؟,Dove,أين,augmented,Dove,True,1.341
38,two_col_40773.png,ما هي القيمة السوقية لشركة بيلوتون؟,28649,٢٨٦٤٩,augmented,"28,500 مليون دولار أمريكي",False,1.663
39,two_col_40773.png,ما هي القيمة السوقية لشركة واي فير؟,27760,٢٧٧٦٠,augmented,"27,000 مليون دولار أمريكي",False,5.113
40,two_col_4501.png,كم كان حجم سوق الخدمات اللوجستية للطرف الثالث في الولايات المتحدة بالدولار؟,252.5,٢٥٢.٥,augmented,لا يوجد بيانات للولايات المتحدة في الرسم البياني.,False,4.735
41,two_col_22437.png,كم كان دخل ستيفن كينغ قبل عام؟,27,٢٧,augmented,$27 million,True,3.095
42,two_col_82263.png,ما هو إجمالي إنتاج بيض الدجاج في فرنسا عام 2008؟,15.3,١٥.٣,augmented,15.2 billion,False,3.149
43,two_col_82263.png,ما هو إجمالي إنتاج بيض الدجاج في فرنسا عام 2013؟,16.1,١٦.١,augmented,16 billions,False,1.99
44,two_col_3113.png,بالإضافة إلى نيويورك وكاليفورنيا، ما هي الولاية التي كان بها أكبر عدد من أطباء الأسنان العاملين في عام 2019؟,Texas,تكساس,augmented,Texas,True,3.629
45,two_col_40246.png,منذ أي عام بدأ نصيب الأشخاص الذين يعيشون في فقر مدقع في المناطق الريفية بالصين في التناقص؟,2000,٢٠٠٠,augmented,2000,True,1.591
46,two_col_40246.png,متى أعلنت الحكومة الصينية أن جميع المقيمين في الصين قد تخلصوا من الفقر المدقع؟,2020,٢٠٢٠,augmented,2020,True,1.226
47,two_col_4730.png,ما هو معدل النجاح في امتحانات شهادة GCSE في المملكة المتحدة عام 2020؟,76.3,٧٦.٣,augmented,76.3%,True,1.908
48,two_col_81596.png,ما هو تقييم EquiTrend لبيتزا بابا جون في عام 2012؟,64.15,٦٤.١٥,augmented,64.15,True,1.612
49,two_col_24500.png,ما هو إجمالي إيرادات BDO للسنة المالية المنتهية في 30 سبتمبر 2020؟,10.3,١٠.٣,augmented,10.3 billion U.S. dollars,True,1.765
50,two_col_22729.png,ما هو إيراد DCG لشركة إنتل في الربع الأول من عام 2021؟,5.6,٥.٦,augmented,5.6 billion U.S. dollars,True,1.603
51,two_col_100622.png,ما هي النسبة المئوية من الناتج المحلي الإجمالي لإندونيسيا التي شكلتها المدخرات الإجمالية لإندونيسيا في عام 2018؟,31.99,٣١.٩٩,augmented,31.63%,True,2.712
52,two_col_40777.png,ما هي القيمة الحالية الصافية لشركة آيدي-سيل اعتبارًا من عام 2020؟,6.2,٦.٢,augmented,6.2 مليار دولار أمريكي,True,1.522
53,two_col_63807.png,ما هو معدل الطلاق في داكوتا الجنوبية عام 1990؟,3.7,٣.٧,augmented,3.7,True,1.853
54,two_col_63807.png,ما هو معدل الطلاق لكل ألف نسمة في داكوتا الجنوبية عام 2019؟,2.6,٢.٦,augmented,2.6,True,3.151
55,two_col_40873.png,في أي عام عجزت شركة صنكور للطاقة عن تحقيق ربح سنوي؟,2015,٢٠١٥,augmented,2015، 2020,True,1.528
56,two_col_40873.png,ما هو صافي خسارة شركة صنكور إنيرجي بالدولار الكندي في عام 2020؟,4304,٤٣٠٤,augmented,-4 319 million Canadian dollars,False,2.126
57,two_col_83032.png,ما هو أكثر معلم سياحي مدفوع الزيارة في جنوب غرب إنجلترا عام 2019؟,Stonehenge,ستونهاج,augmented,Stonehenge,True,1.511
58,two_col_83032.png,كم عدد الأشخاص الذين زاروا ستونهنج في عام 2019؟,1604248,١٦٠٤٢٤٨,augmented,1 604 248,False,2.611
59,two_col_4424.png,كم عدد طلبات اللجوء التي قُدمت في السويد عام 2015؟,162915,١٦٢٩١٥,augmented,162 915,False,2.779
60,two_col_63501.png,ما هي قيمة ودائع العملاء في سانتاندر عام 2004؟,283212,٢٨٣٢١٢,augmented,280 000 million euros,False,2.918
61,two_col_63501.png,متى سُجِّل أعلى قيمة لإيداعات العملاء في سانتاندر؟,2004,٢٠٠٤,augmented,2020,False,1.983
62,two_col_2853.png,كم أنفقت شركة رويال نيدرنغ شيل على البحث والتطوير في سنتها المالية لعام 2020؟,907,٩٠٧,augmented,907 million U.S. dollars,True,3.441
63,two_col_41724.png,ما هو مقدار إيرادات سلع المستهلكين للاتصالات في أوروبا الغربية في الربع الأول من عام 2020؟,13.98,١٣.٩٨,augmented,14.16 billion euros,False,2.12
64,two_col_104369.png,ما هي نسبة فائض ميزانية لوكسمبورغ من الناتج المحلي الإجمالي للوكسمبورغ في عام 2019؟,2.43,٢.٤٣,augmented,2.43%,True,1.981
65,two_col_82420.png,ما هي قيمة صناعة الرعاية في كندا عام 2016؟,1.96,١.٩٦,augmented,1.96 billion Canadian dollars,True,4.329
66,two_col_82420.png,ما هي قيمة صناعة الرعاية في عام 2014؟,1.66,١.٦٦,augmented,1.66 billion Canadian dollars,True,1.822
67,two_col_100617.png,ما هو نصيب الفرد من الأعمال في جزيرة الأمير إدوارد في ديسمبر 2019؟,50.8,٥٠.٨,augmented,50.8,True,1.424
68,two_col_95.png,ما هي اللعبة الثانية الأعلى إيرادات في الولايات المتحدة في عام 2021؟,Candy Crush Saga,كاندي كراش ساجا,augmented,Candy Crush Saga,True,2.777
69,two_col_95.png,ما هو تطبيق ألعاب الآيفون الأعلى إيرادات في الولايات المتحدة في مارس 2021؟,Roblox,روبلوكس,augmented,Roblox,True,1.465
70,two_col_95.png,كم حققت لعبة كاندي كراش ساجا من المال يوميًا؟,2026652,٢٠٢٦٦٥٢,augmented,2 026 652,False,1.225
71,two_col_6175.png,ما كان إنتاج القمح في الأريزونا لكل فدان في عام 2020؟,99,٩٩,augmented,99 bushels,True,1.77
72,two_col_61753.png,بالإضافة إلى SmileDirectClub، ما هي العلامة التجارية للأزياء عبر الإنترنت التي تصدرت تشوي أمامها؟,Stitch Fix,ستيتش فيكس,augmented,Stitch Fix,True,2.192
73,two_col_61753.png,ما هي العلامة التجارية للعناية الشخصية التي تصدرت تشوي أمامها؟,SmileDirectClub,SmileDirectClub,augmented,"SmileDirectClub, Dollar Shave Club, Harry's",True,1.759
74,two_col_61753.png,كم عدد الزوار الفريدين الذين يصلون إلى تشيوي كل شهر؟,14.3,١٤.٣,augmented,14.3 مليون,True,2.974
75,two_col_61753.png,ما هي العلامة التجارية الأكثر شعبية للبيع المباشر للمستهلك في الولايات المتحدة؟,Chewy,مطاطي,augmented,Chewy، 14.3 مليون,True,2.864
76,two_col_24018.png,ما هي نسبة الإشغال للأسرة في مرافق التمريض الماهرة في عام 2014؟,87.1,٨٧.١,augmented,87.1%,True,2.3
77,two_col_24018.png,ما هي نسبة الإشغال للأسرة في مرافق التمريض الماهرة في عام 2018؟,85.1,٨٥.١,augmented,84.5%,True,5.427
78,two_col_5731.png,ما كانت حصة جوجل كرومكاست في السوق عام 2014؟,14,١٤,augmented,14%,True,1.782
79,two_col_62357.png,من يمتلك الرقم القياسي لأكبر عدد من التدخلات في كأس العالم؟,Thierry Dusautoir,تييري دوسوتوار,augmented,Thierry Dusautoir,True,3.181
80,two_col_62357.png,أي لاعب رغبي فرنسي قام بأكبر عدد من التدخلات في كأس العالم؟,Julien Bonnaire,جوليان بونير,augmented,Thierry Dusautoir,False,1.754
81,two_col_83324.png,ما هو إجمالي دين الحكومة الفنلندية من عام 2008 إلى عام 2018؟,135.8,١٣٥.٨,augmented,"2008: 63.3 billion euros, 2009: 75.5 billion euros, 2010: 88.2 billion euros, 2011: 95.5 billion euros, 2012: 107.7 billion euros, 2013: 114.8 billion euros, 2014: 123.7 billion euros, 2015: 133.2 billion euros, 2016: 136.2 billion euros, 2017: 137.3 billion euros, Q2 2018: 135.8 billion euros",True,6.359
82,two_col_61492.png,كم عدد زوار متنزه بوسطن الوطني التاريخي في عام 2019؟,3.2,٣.٢,augmented,3.2 مليون,True,2.873
83,two_col_104619.png,ما هي النسبة المئوية من سكان الولايات المتحدة الذين كانوا أطفالاً في عام 2019؟,22.3,٢٢.٣,augmented,22.3%,True,1.56
84,two_col_100282.png,كم عدد الشركات التي صنعت أجهزة الكمبيوتر والمعدات الطرفية في جمهورية التشيك عام 2017؟,250,٢٥٠,augmented,250,True,1.36
85,two_col_2751.png,ما هي العلامة التجارية الماليزية الثانية الأكثر قيمة؟,Maybank,مايبنك,augmented,Maybank,True,1.49
87,two_col_2751.png,ما هي قيمة علامة بترونياس التجارية بالدولار الأمريكي في عام 2020؟,15215,١٥٢١٥,augmented,15 215 مليون دولار أمريكي,False,2.011
88,multi_col_20217.png,ما هو إجمالي الإيرادات للسكك الحديدية الوطنية من رسوم الركاب في عام 2019/20؟,10208,١٠٢٠٨,augmented,10 200 million British pounds,False,1.399
89,two_col_62923.png,كم عدد الزيجات التي سُجلت في إيطاليا عام 2010؟,217700,٢١٧٧٠٠,augmented,217 700,False,2.139
90,two_col_21251.png,ما هو فريق كرة القدم في أمريكا اللاتينية الذي كان لديه متوسط العمر الأقدم؟,Costa Rica,كوستاريكا,augmented,Costa Rica,True,3.432
91,two_col_447.png,ما هو أكبر حديقة مدينة في الولايات المتحدة؟,Chugach State Park,منتزه تشوجات سيتي,augmented,Chugach State Park,True,1.884
92,two_col_41603.png,ما هي قيمة مبيعات التجزئة للجبن في المملكة المتحدة عام 2013؟,6562.8,٦٥٦٢.٨,augmented,6 562.8 million U.S. dollars,False,2.427
93,two_col_103497.png,من هو قائد المسيرة المهنية لفريق سان فرانسيسكو 49رز؟,Jerry Rice,جيري رايس,augmented,Jerry Rice,True,1.696
94,two_col_1306.png,ما هي العلامة التجارية التي احتلت المركز الثاني في سوق زيوت التشحيم السريعة في الولايات المتحدة؟,Valvoline,فالفولين,augmented,Valvoline,True,1.993
95,two_col_1306.png,ما هي العلامة التجارية الرائدة في سوق زيوت المحركات في فاست لوبز لعام 2018؟,Pennzoil,بينزوويل,augmented,Pennzoil، 39%,True,1.942
96,two_col_22926.png,ما هو معدل الخصوبة في إندونيسيا عام 2019؟,2.29,٢.٢٩,augmented,2.29,True,2.141
97,multi_col_100501.png,ما هي النسبة المئوية لحصة السوق التي شكلتها الأصول التكليفية التقديرية في هولندا؟,31,٣١,augmented,31%,True,2.452
98,two_col_4682.png,كم عدد ناقلات النفط الخام الكبيرة جداً حتى أبريل 2020؟,810,٨١٠,augmented,810,True,2.131
99,two_col_82551.png,"كم عدد المشاهدات التي حققها مقطع ""ذا روك"" الترويجي لهاتف آيفون 7 من آبل؟",25.4,٢٥.٤,augmented,25.3 مليون,False,1.549
100,two_col_82551.png,كم عدد المشاهدات التي حققها إعلان ديور لميس ديور؟,43,٤٣,augmented,43 مليون,True,1.246
101,multi_col_60782.png,كم عدد متابعي فريق مينيسوتا فايكنجز لكرة القدم على فيسبوك في فبراير 2021؟,2.11,٢.١١,augmented,2.11 مليون,True,1.559
102,two_col_674.png,ما هي شركة النقل الجوي التي كانت الرائدة في قطاع الطيران في الهند اعتبارًا من عام 2019؟,IndiGo,إنديغو,augmented,IndiGo,True,1.639
103,two_col_101324.png,كم عدد فروع لا-زي-بوي كومفورت ستوديو التي كانت تديرها لا-زي-بوي اعتبارًا من عام 2020؟,555,٥٥٥,augmented,555,True,1.874
104,two_col_63045.png,ما هو معدل وفيات الرضع في بوروندي عام 2019؟,39.9,٣٩.٩,augmented,"39.9 Deaths per 1,000 live births",True,3.596
105,two_col_41504.png,كم عدد الاشتراكات الهاتفية المسجلة لكل 100 شخص في الكونغو بين عامي 2000 و 2019؟,42.77,٤٢.٧٧,augmented,2000: 0.03، 2001: 0.31، 2002: 1.12، 2003: 2.42، 2004: 3.75، 2005: 5.01، 2006: 7.8، 2007: 11.28، 2008: 16.45، 2009: 15.15، 2010: 18.31، 2011: 23.44، 2012: 29.11، 2013: 39.56، 2014: 50.3، 2015: 49.52، 2016: 36.67، 2017: 43.46، 2018: 43.38، 2019: 42.77,True,1.942
106,two_col_41504.png,بين أي عام كان عدد الاشتراكات الخلوية المتنقلة لكل 100 نسمة في جمهورية الكونغو الديمقراطية؟,2000,٢٠٠٠,augmented,2000 - 2019,True,2.717
107,two_col_22453.png,"في أي عام تم الإبلاغ لأول مرة عن إيرادات ""كينه + ناجل"" العالمية؟",2006,٢٠٠٦,augmented,2006,True,1.711
108,two_col_22453.png,في أي عام انتهى إيراد كونه وناجل العالمي؟,2020,٢٠٢٠,augmented,2020,True,1.492
109,two_col_22453.png,ما هو إجمالي إيرادات كونه وناجل العالمية بالفرنك السويسري في السنة المالية 2020؟,23812,٢٣٨١٢,augmented,23 812 million Swiss francs,False,2.848
110,two_col_5444.png,كم عدد أرطال البضائع التي استوردتها اسكتلندا من دول آسيا والمحيط الهادئ في عام 2018؟,5623,٥٦٢٣,augmented,5 623 مليون جنيه إسترليني,False,1.596
111,two_col_101661.png,ما هو إجمالي إنفاق الأسر على الكهرباء في المملكة المتحدة عام 2019؟,19287,١٩٢٨٧,augmented,19 287 million British pounds,False,1.92
112,two_col_103326.png,كم عدد الأشخاص الذين توفوا بين سن 85 و 89 في عام 2020؟,9871,٩٨٧١,augmented,9 871,False,1.802
113,two_col_149.png,ما هي أكثر فئة تطبيقات iOS شعبية؟,Games,ألعاب,augmented,Games، 21.53%,True,1.722
114,two_col_103255.png,ما هو مؤشر تكلفة الطاقة لتصنيع المنتجات المعدنية المصنعة في عام 2018؟,108.87,١٠٨.٨٧,augmented,110,True,1.537
115,two_col_82034.png,ما هو حجم الإيرادات التي حققتها أوبل/فوكسهول في عام 2018؟,18.31,١٨.٣١,augmented,18.31 billion euros,True,1.79
116,multi_col_20793.png,ما هو ثاني أكثر مصدر إخباري سياسي موثوق به بين الديمقراطيين؟,NBC News,أخبار إن بي سي,augmented,ABC News,False,1.797
117,multi_col_20793.png,ما هو المصدر الإخباري السياسي الأكثر ثقة بين الديمقراطيين؟,CNN,سي إن إن,augmented,CNN (67%),True,1.842
118,two_col_83485.png,منذ أي عام تذبذب إجمالي حجم مبيعات تجارة التجزئة في هولندا بشكل كبير؟,2005,٢٠٠٥,augmented,2005,True,2.134
119,two_col_104827.png,من كان أفضل لاعب في نيجيريا في كأس العالم FIFA 2018؟,Wilfred Ndidi,ويلفريد نديدي,augmented,لا توجد بيانات في الرسم البياني توضح من كان أفضل لاعب.,False,1.875
120,two_col_104827.png,ما هي القيمة السوقية لـ نديدي؟,25,٢٥,augmented,25,True,1.48
121,two_col_875.png,ما هو فائض تجارة السلع في الصين عام 2015؟,593.9,٥٩٣.٩,augmented,593.9 billion U.S. dollars,True,1.522
122,two_col_875.png,ما هو فائض تجارة السلع في الصين عام 2019؟,421.93,٤٢١.٩٣,augmented,421.93 billion U.S. dollars,True,1.674
123,multi_col_1241.png,كم كانت قيمة العلامة التجارية لـ EDP في عام 2019؟,2683,٢٦٨٣,augmented,2 769 Million U.S. dollars,False,1.591
124,two_col_5167.png,كم عدد متاجر H&M التي أُغلقت في الولايات المتحدة عام 2020؟,20,٢٠,augmented,20,True,2.119
125,multi_col_100201.png,كم بلغ حجم الأموال التي دخلت صناعة سباقات الخيل البريطانية من قطاع يوم السباق في عام 2012؟,138,١٣٨,augmented,138 مليون جنيه إسترليني,True,1.856
126,two_col_2111.png,كم عدد الأشخاص الذين أُعدموا في إيران عام 2020؟,246,٢٤٦,augmented,246,True,4.137
127,two_col_4690.png,كم عدد النسخ التي باعها لوموند في عام 2018؟,302624,٣٠٢٦٢٤,augmented,300 000,False,1.907
128,two_col_21521.png,كم عدد السياح الذين وصلوا إلى بلغاريا في عام 2018؟,7.8,٧.٨,augmented,7.8 مليون,True,5.346
129,two_col_83145.png,ما هو إيراد شركة CE في الربع الأول من عام 2020؟,5.69,٥.٦٩,augmented,5.69 billion euros,True,1.944
130,two_col_83145.png,ما هو مقدار الإيرادات من الإلكترونيات الاستهلاكية في أوروبا الغربية في الربع الرابع من عام 2015؟,10.15,١٠.١٥,augmented,10.15 billion euros,True,1.279
131,multi_col_137.png,كم يبلغ دخل الرجال في الخمسينات من العمر سنوياً؟,36983,٣٦٩٨٣,augmented,36 983 GBP,False,1.563
132,two_col_21786.png,ما كان متوسط سعر التذكرة لمباريات فريق ديترويت لايونز في عام 2020؟,91.89,٩١.٨٩,augmented,$91.89,True,2.407
133,two_col_104505.png,ما هو المبلغ التقديري لخدمة الدين الخارجي في دول أمريكا اللاتينية ومنطقة الكاريبي بحلول عام 2020؟,591.4,٥٩١.٤,augmented,591.4 billion U.S. dollars,True,1.757
134,two_col_104505.png,ما هو إجمالي مدفوعات خدمة الدين الخارجي في عام 2010؟,298.93,٢٩٨.٩٣,augmented,298.93 مليار دولار أمريكي,True,3.29
135,two_col_104474.png,ما هو معدل مشاركة القوى العاملة للرجال في سنغافورة عام 2019؟,75.4,٧٥.٤,augmented,75.4%,True,2.045
136,two_col_4288.png,كم بلغت قيمة صناعة العافية العالمية بالدولار في عام 2017؟,4220.2,٤٢٢٠.٢,augmented,4 220.2 billion U.S. dollars,False,1.91
137,two_col_100265.png,أين كان يعيش حوالي 10.5 مليون من المتدينين في عام 2010؟,New York-Northern New Jersey-Long Island,نيويورك - شمال نيوجيرسي - لانغ آيلاند,augmented,New York-Northern New Jersey-Long Island,True,5.399
138,two_col_100265.png,كم عدد المتدينين الذين عاشوا في نيويورك-شمال نيوجيرسي-جزيرة لونغ آيلاند في عام 2010؟,10505858,١٠٥٠٥٨٥٨,augmented,10 505 858,False,2.193
139,two_col_80689.png,ما هو مقدار الذهب الذي طالبه قطاع التكنولوجيا العالمي في عام 2011؟,23.1,٢٣.١,augmented,23.1 billion U.S. dollars,True,4.29
140,two_col_61441.png,ما هو صافي الدخل من الفوائد لمجموعة باركليز البريطانية في عام 2014؟,10086,١٠٠٨٦,augmented,10 086 million GBP,False,1.848
141,two_col_61441.png,ما هو صافي دخل الفوائد للمجموعة العالمية لـ باركليز في عام 2020؟,8122,٨١٢٢,augmented,8 122 million GBP,False,2.019
142,two_col_102647.png,ما هي نسبة الذين تتراوح أعمارهم بين 35 و 44 عامًا واشتروا الغداء في العمل؟,72,٧٢,augmented,72%,True,1.791
143,two_col_481.png,كم عدد الهواتف الذكية التي تم شحنها في عام 2020؟,1280,١٢٨٠,augmented,1 280 million units,False,2.28
144,two_col_481.png,ما هي إجمالي شحنات الوحدات من الهواتف الذكية من عام 2009 إلى عام 2016؟,1465.5,١٤٦٥.٥,augmented,"2009: 173.5, 2010: 304.7, 2011: 494.5, 2012: 725.3, 2013: 1 018.7, 2014: 1 301.7, 2015: 1 437.2, 2016: 1 473.4",False,3.9
145,two_col_103911.png,كم عدد أخصائيي العلاج الطبيعي الذين كانوا يعملون في النمسا عام 2018؟,3890,٣٨٩٠,augmented,3 890,False,1.651
146,two_col_103974.png,كم رطل من الموز تم استيراده إلى الولايات المتحدة في عام 2020؟,10292.47,١٠٢٩٢.٤٧,augmented,10 292.47 مليون رطل,False,1.431
147,two_col_43697.png,ما هو معدل وفيات الرضع في جورجيا عام 2019؟,8.5,٨.٥,augmented,"8.5 Deaths per 1,000 live births",True,1.896
148,two_col_42527.png,كم عدد سلاسل البيع بالتجزئة التي كانت موجودة في النرويج عام 2016؟,150,١٥٠,augmented,150,True,2.762
149,two_col_42527.png,كم عدد سلاسل البيع بالتجزئة التي مثلتها الإلكترونيات الاستهلاكية في عام 2016؟,17,١٧,augmented,17,True,2.084
150,two_col_42527.png,كم عدد سلاسل متاجر التجزئة في مجال الأزياء والملابس في النرويج عام 2016؟,22,٢٢,augmented,22,True,1.162
151,two_col_42527.png,كم عدد فروع متاجر الألعاب والألعاب بالتجزئة التي كانت في النرويج في عام 2016؟,16,١٦,augmented,16,True,1.292
152,two_col_104094.png,كم عدد الإندونيسيين الذين يعيشون في ماليزيا؟,1225156,١٢٢٥١٥٦,augmented,1 225 156,False,2.923
153,two_col_42213.png,ما هو مستوى المؤشر في عام 2000؟,1.29,١.٢٩,augmented,1.29,True,1.735
154,two_col_102537.png,كم عدد الكرونات السويدية التي استُثمرت في الأوراق المالية المتعلقة بالديون في عام 2019؟,938537,٩٣٨٥٣٧,augmented,938 537 مليون كرونة سويدية,False,1.536
155,two_col_102537.png,ما هي القيمة الإجمالية لحصص الأسهم في حقوق الملكية وصناديق الاستثمار التي امتلكها صناديق الاستثمار في عام 2019؟,3789770,٣٧٨٩٧٧٠,augmented,3 789 770 million Swedish kroner,False,2.457
156,two_col_43061.png,من كان يحتل المرتبة الرابعة بحصة سوقية بلغت 5.1 في عام 2019؟,Liberty Mutual,ليبرتي ميوتشوال,augmented,Liberty Mutual,True,1.487
157,two_col_22406.png,ما هي حصة المتسوقين الذكور عبر الإنترنت في عام 2018؟,12,١٢,augmented,لا تتوفر هذه المعلومة في الرسم البياني.,False,1.77
158,two_col_60540.png,كم كانت قيمة سوق الأدوية الجنيسة في تركيا عام 2012؟,4.1,٤.١,augmented,4.1 billion Turkish liras,True,1.79
159,two_col_80848.png,ما هو حجم السوق العالمي لشاشات المايكرو-LED المتوقع أن يصل إليه بحلول عام 2027؟,71.8,٧١.٨,augmented,71.8 billion U.S. dollars,True,1.625
160,two_col_1502.png,ما هو استهلاك الأسمنت في الهند عام 2018؟,272,٢٧٢,augmented,296 million metric tons,False,1.906
161,two_col_80485.png,متى هبط 63 ألف طائرة في مطار شانغي بسنغافورة؟,2020,٢٠٢٠,augmented,2020,True,2.191
162,two_col_80485.png,كم عدد الطائرات التي هبطت في مطار شانغي بسنغافورة في عام 2020؟,62721,٦٢٧٢١,augmented,62 721,False,2.732
163,two_col_60069.png,كم دولار أضاف قطاع التمويل والتأمين والعقارات والإيجار والتأجير إلى الناتج المحلي الإجمالي لأوريغون في عام 2012؟,43.92,٤٣.٩٢,augmented,43.92 مليار دولار,True,1.604
164,two_col_104221.png,في أي عام بدأ عدد سكان بوركينا فاسو في الزيادة؟,2016,٢٠١٦,augmented,2016,True,1.93
165,two_col_104221.png,ما هو عدد سكان بوركينا فاسو في عام 2018؟,19.75,١٩.٧٥,augmented,19.75 مليون,True,3.067
166,two_col_41776.png,كم عدد متاجر التجزئة ذات العلامة التجارية الواحدة التي كان لدى برونيلو كوتشينيلي في عام 2019؟,106,١٠٦,augmented,106,True,1.876
167,two_col_40422.png,ما هو حجم الإيرادات التي حققتها شركة بيكتون ديكنسون وشركاه في عام 2019؟,12.99,١٢.٩٩,augmented,$12.99 مليار,True,3.252
168,multi_col_40373.png,ما هو متوسط الثروة في مجلس الشيوخ عام 2018؟,1.76,١.٧٦,augmented,1.76 million U.S. dollars,True,1.839
169,two_col_42150.png,ما هو معدل البطالة بين الشباب في السنغال عام 2020؟,8.61,٨.٦١,augmented,8.61%,True,1.577
170,multi_col_109.png,ما هي صافي مبيعات سامز كلوب في عام 2021؟,63.91,٦٣.٩١,augmented,63.91 مليار دولار,True,1.811
171,multi_col_109.png,ما هو مقدار صافي مبيعات وول مارت إنترناشونال في السنة المالية المنتهية في 31 يناير 2021؟,121.36,١٢١.٣٦,augmented,121.36 مليار دولار,True,1.45
172,two_col_80893.png,كم عدد الصفقات التي أبرمها كل من بي دبليو سي وكيه إم بي في عام 2020؟,15,١٥,augmented,PWC: 15، KPMG: 15,True,1.941
173,two_col_80893.png,كم عدد الصفقات التي قدم النصيحة بشأنها ديفي في عام 2020؟,16,١٦,augmented,16,True,1.11
174,two_col_80893.png,من كان المستشار المالي الرائد لصفقات الاندماج والاستحواذ في أيرلندا عام 2020؟,Davy,ديفي,augmented,Davy,True,2.215
175,two_col_82658.png,ما هو الملين الأكثر وصفًا في إنجلترا عام 2020؟,Macrogol 3350,ماكروغول 3350,augmented,Macrogol 3350,True,2.742
176,two_col_82658.png,كم عدد وحدات ماكروغول 3350 التي تم صرفها في عام 2020؟,6601027,٦٦٠١٠٢٧,augmented,6 601 027,False,2.78
177,two_col_21832.png,ما هي النسبة المئوية من الناتج المحلي الإجمالي التي شكلها الإنفاق العسكري في الولايات المتحدة عام 2019؟,3.41,٣.٤١,augmented,3.41%,True,2.927
178,two_col_22483.png,كم دفعت سبوتيفاي من رسوم حقوق الملكية في عام 2015؟,1633.29,١٦٣٣.٢٩,augmented,1 633.29 million euros,False,1.967
179,two_col_2270.png,كم عدد الدرجات العلمية للدكتوراه التي حصل عليها طلاب الأمريكيين الأصليين أو السكان الأصليين في ألاسكا في عام 2018/19؟,720,٧٢٠,augmented,720,True,2.282
180,multi_col_619.png,ما كان متوسط سعر التجزئة لدرزن من البيض في كندا في فبراير 2021؟,3.62,٣.٦٢,augmented,3.62,True,2.086
181,two_col_80994.png,ما هو إجمالي دخل برنامج الرعاية الطبية بالدولار بعد 50 عامًا؟,794.8,٧٩٤.٨,augmented,$794.8 billion,True,1.977
182,two_col_80994.png,ما هو إجمالي دخل برنامج الرعاية الطبية في عام 1970؟,8.2,٨.٢,augmented,8.2 billion U.S. dollars,True,1.816
183,two_col_3543.png,كم عدد منشورات المؤثرين المدعومة من العلامات التجارية على إنستغرام في عام 2018؟,3.7,٣.٧,augmented,3.7 مليون,True,2.146
184,two_col_3543.png,ما هو المبلغ المتوقع للمحتوى المدعوم على إنستغرام في عام 2019؟,4.95,٤.٩٥,augmented,4.95 million,True,1.55
185,two_col_83175.png,كم عدد أعضاء كوستكو غولد ستار حتى 30 أغسطس 2020؟,47.4,٤٧.٤,augmented,46.8,True,1.893
186,two_col_42240.png,متى وصل الناتج المحلي الإجمالي لفنلندا إلى مستوى ما قبل الأزمة المالية؟,2011,٢٠١١,augmented,2011,True,2.076
187,two_col_80709.png,ما هو سعر فائدة الودائع المصرفية في سنغافورة عام 2019؟,0.22,٠.٢٢,augmented,0.2%,False,2.053
188,two_col_1438.png,ما هو البلد الذي سجل أعلى معدل للاختبار لفيروس كورونا؟,Denmark,الدنمارك,augmented,Denmark,True,1.752
189,two_col_102329.png,في أي مقاطعة حصل ما يقرب من 35% من السكان على نفس الوضع بين يونيو 2018 ويونيو 2019؟,Magadan Oblast,منطقة ماغادان,augmented,"Magadan Oblast, Chukotka Autonomous Okrug",True,5.002
190,two_col_102329.png,أين لوحظ أعلى نصيب للطبقة الوسطى بين الولايات الفيدرالية؟,Yamalo-Nenets Autonomous Okrug,منطقة يامالو-نينيت الأوتونومية,augmented,Yamalo-Nenets Autonomous Okrug، 45.2%,True,4.159
191,two_col_60868.png,ما هو طول الطرق السريعة الحكومية في ولاية Jharkhand عام 2017؟,1296,١٢٩٦,augmented,"1,330 kilometers",False,2.165
192,two_col_21313.png,ما هي الزيادة المتوقعة في الأجور والرواتب في عام 2018؟,4.1,٤.١,augmented,4.1%,True,1.938
193,two_col_101109.png,في عام 2021، كم من المتوقع أن تنفق وزارة الأمن الداخلي؟,122.71,١٢٢.٧١,augmented,$76 billion,False,2.867
194,two_col_101109.png,كم أنفقت وزارة الأمن الداخلي في عام 2020؟,91.97,٩١.٩٧,augmented,$92 billion,False,1.494
195,two_col_81497.png,ما هي النسبة المئوية من الناتج المحلي الإجمالي التي أنفقت عليها الدولة الفرنسية في عام 2019؟,55.4,٥٥.٤,augmented,55.4%,True,1.808
196,two_col_63474.png,ما هو مؤشر أسعار العقارات في السويد عام 2009؟,246,٢٤٦,augmented,246,True,1.459
197,two_col_40345.png,كم أنفقت الحزب الديمقراطي من المال خلال دورة انتخابات 2016؟,1230253581,١٢٣٠٢٥٣٥٨١,augmented,$1 230 253 581,False,1.803
198,two_col_82536.png,ما كان متوسط عدد الرحلات التجارية التي قام بها البالغون في الولايات المتحدة في مارس 2007؟,5.6,٥.٦,augmented,5.6,True,1.644
199,two_col_929.png,ما هو عدد سكان روسيا في عام 2019؟,145.71,١٤٥.٧١,augmented,146.75 مليون,False,1.44
200,two_col_41064.png,كم عدد الأشخاص الذين شاهدوا آخر بث لمسابقة يوروفيجن لأغنية؟,3.04,٣.٠٤,augmented,3.04 مليون,True,4.931
201,two_col_41064.png,كم عدد الأشخاص الذين شاهدوا مسابقة يوروفيجن لأغاني عام 2019؟,2.6,٢.٦,augmented,2.6 مليون,True,1.773
202,two_col_41064.png,متى زاد عدد مشاهدات مسابقة الأغنية الأوروبية إلى؟,2021,٢٠٢١,augmented,2010، 2011، 2012، 2013، 2016، 2019*، 2021,True,1.645
203,multi_col_40965.png,في أي عام أثرت التغيرات السياسية على شهية الاستثمار في العقارات التجارية المتخصصة طويلة الأجل في السوق الأوروبية؟,2016,٢٠١٦,augmented,لا توجد بيانات في الرسم البياني تشير إلى تأثير التغيرات السياسية.,False,1.489
204,two_col_623.png,ما هو الناتج المحلي الإجمالي لليابان في عام 2019؟,5148.78,٥١٤٨.٧٨,augmented,5 036.89,False,2.01
205,two_col_104538.png,ما هي النسبة المئوية من الكنديين الذين أشاروا إلى عدم وجود جدول منتظم كأحد أسباب زيادة استهلاك الكحول؟,51,٥١,augmented,51%,True,1.583
206,two_col_62179.png,من كان أفضل لاعب كرة قدم في النرويج عام 2020؟,Sander Berge,ساندير بيرجي,augmented,Sander Berge,True,5.331
207,two_col_62179.png,ما هي القيمة السوقية لألكسندر إس. رلوث؟,13,١٣,augmented,13 مليون يورو,True,2.78
208,two_col_62179.png,ما هي القيمة السوقية لساندير بيرجي في عام 2020؟,20,٢٠,augmented,20 مليون يورو,True,1.538
209,two_col_62179.png,ما هي القيمة السوقية لجوشوا كينغ؟,16,١٦,augmented,16 مليون يورو,True,3.395
210,multi_col_40806.png,ما هي النسبة المئوية للأجهزة المحمولة التي شكلتها الهواتف منخفضة المستوى في عام 2010؟,76.6,٧٦.٦,augmented,76.6%,True,1.576
211,two_col_22559.png,ما هي النسبة المئوية من الناتج المحلي الإجمالي لفيتنام التي شكلها الإنفاق الحكومي في عام 2019؟,22.84,٢٢.٨٤,augmented,22.84%,True,1.693
212,two_col_103133.png,ما هي الولاية التي كانت الوجهة الداخلية الشتوية الأكثر شعبية للمسافرين في عام 2014؟,Florida,فلوريدا,augmented,Florida,True,1.929
213,two_col_80474.png,ما هو الفيلم الأكثر قرصنة في الربع الثالث من عام 2016؟,Deadpool,ديدبول,augmented,Deadpool,True,1.482
214,two_col_80474.png,ما هي النسبة المئوية من إجمالي أنشطة القرصنة التي مثّلها ديدبول في الربع الثالث من عام 2016؟,4.2,٤.٢,augmented,4.2%,True,1.334
215,multi_col_346.png,كم حقق نادي ليفربول لكرة القدم من البث التلفزيوني في موسم 2018/2019؟,299.3,٢٩٩.٣,augmented,299.3 million euros,True,1.863
216,multi_col_346.png,ما هي مصادر الإيرادات التجارية لنادي ليفربول في موسم 2018/2019؟,210.9,٢١٠.٩,augmented,Matchday: 94.5، Broadcasting: 299.3، Commercial: 210.9,True,2.886
217,multi_col_60806.png,ما هي قيمة صادرات الأسماك والقشريات والمحار ومنتجات مصايد الأسماك الأخرى من كندا في مارس 2021؟,260,٢٦٠,augmented,258 مليون دولار كندي,False,1.514
218,two_col_41124.png,ما هي القيمة المتوسطة لمعاملات متاجر البقالة الصغيرة داخل المتجر بالدولار في عام 2019؟,9.02,٩.٠٢,augmented,$9.02,True,2.394
219,two_col_41124.png,ما هي القيمة المتوسطة لمتاجر الراحة التي تبيع وقود المحركات بالدولار لكل معاملة في عام 2019؟,31.82,٣١.٨٢,augmented,$31.82,True,2.046
220,two_col_81378.png,ما هو إيراد البنية التحتية للشبكات في ألمانيا عام 2013؟,18.8,١٨.٨,augmented,18.8 billion euros,True,1.844
221,multi_col_80840.png,كم طن متري تم إنتاجه في الاستزراع المائي الداخلي في عام 2018؟,51.3,٥١.٣,augmented,51.3 مليون طن متري,True,2.011
222,multi_col_80840.png,كم طن متري تم إنتاجه في الاستزراع المائي البحري في عام 2018؟,30.8,٣٠.٨,augmented,30.8 مليون طن متري,True,2.899
223,two_col_22434.png,ما هو حجم مبيعات آلات البيع في عام 1999؟,36.6,٣٦.٦,augmented,36.6 billion U.S. dollars,True,2.304
224,two_col_61201.png,ما هو الإنفاق المتوقع للسفر الخارج من البرتغال في عام 2028؟,5.7,٥.٧,augmented,5.7 billion euros,True,2.268
225,two_col_61201.png,ما هي القيمة التقديرية للإنفاق السياحي الخارج من البرتغال في عام 2018؟,4.9,٤.٩,augmented,4.9 billion euros,True,1.403
226,two_col_20979.png,كم عدد المتابعين الذين كان لدى مايكل كورس على تويتر اعتبارًا من مارس 2021؟,3.4,٣.٤,augmented,3.4 مليون,True,1.782
227,two_col_20979.png,كم عدد المتابعين الذين كان لدى مايكل كورس على فيسبوك اعتبارًا من مارس 2021؟,18.15,١٨.١٥,augmented,18.15 مليون,True,2.683
228,two_col_24171.png,ما هي المدينة في كندا التي تتلقى 43.8 سنتيمترًا من الثلوج كل عام من عام 1971 إلى عام 2000؟,Victoria,فيكتوريا,augmented,Victoria,True,1.746
229,two_col_21486.png,كم بلغ مقدار الأرباح الموزعة التي دفعتها شركة رويال نيدرنولدج شيل في عام 2020؟,7.3,٧.٣,augmented,7.3 billion U.S. dollars,True,1.542
230,two_col_21486.png,كم دفعت شركة رويال نيدرنولدج شيل كأرباح موزعة في عام 2018؟,15.7,١٥.٧,augmented,15.7 billion U.S. dollars,True,1.152
231,two_col_60443.png,ما هو الشكل الأكثر شيوعًا لحوافز الراتب بالإضافة إلى المكافأة الإنتاجية؟,RVU based,مبني على RVU,augmented,RVU based، 73%,True,1.793
232,two_col_60443.png,ما هي النسبة المئوية من إجمالي الراتب بالإضافة إلى حوافز مكافأة الإنتاج المقدمة للأطباء والتي كانت تستند إلى وحدات النشاط (RVU)؟,73,٧٣,augmented,73%,True,2.124
233,two_col_62661.png,كم دولار حققت ديلاوير من المراهنات الرياضية في مارس 2021؟,0.97,٠.٩٧,augmented,0.97 مليون دولار,True,1.817
234,two_col_43964.png,كم حققت شركة جونسون آند جونسون من الأموال في عام 2017؟,76450,٧٦٤٥٠,augmented,76 450 مليون دولار أمريكي,False,4.058
235,two_col_104266.png,من هو قائد سباق المسافات المهنية لفريق كليفلاند براونز؟,Jim Brown,جيم براون,augmented,Jim Brown,True,2.44
236,two_col_104077.png,ما هو عدد سكان جيبوتي في عام 2018؟,1.05,١.٠٥,augmented,1.05 million,True,2.004
237,two_col_40272.png,كم عدد الأشخاص الذين توفوا في يوكون بين 1 يوليو 2019 و 30 يونيو 2020؟,250,٢٥٠,augmented,250,True,1.615
238,two_col_41042.png,في أي عام شهدت أجهزة الكمبيوتر الشخصية والحواسيب المحمولة والأجهزة اللوحية انخفاضًا طفيفًا في انتشار الأجهزة القادرة على الاتصال بالإنترنت؟,2020,٢٠٢٠,augmented,2008*، 2013*، 2018*، 2019، 2020,True,2.026
239,two_col_21174.png,ما هو صافي دخل أمازون في عام 2020؟,7222,٧٢٢٢,augmented,7 000 million U.S. dollars,False,2.98
240,two_col_80078.png,ما هي الدولة التي كانت المصدر الرئيسي للسيليكون إلى الولايات المتحدة؟,Russia,روسيا,augmented,Other (38%),False,1.928
241,two_col_80078.png,ما هي النسبة المئوية من واردات الفيروسيليكون التي مثلتها روسيا؟,37,٣٧,augmented,37%,True,1.63
242,two_col_61191.png,ما هو العجز المتوقع في العرض والطلب العالمي للألماس الخام بحلول عام 2050؟,278,٢٧٨,augmented,278 million carats,True,1.833
243,two_col_21418.png,كم عدد الأهداف التي سجلها تونجا؟,22,٢٢,augmented,9,False,2.622
244,two_col_21418.png,كم عدد الأهداف التي سجلها هاكان لمنتخب تركيا الوطني لكرة القدم؟,51,٥١,augmented,51,True,1.84
246,two_col_376.png,ما مقدار الزيادة التي طرأت على الدخل الشخصي في عام 2020؟,19679.72,١٩٦٧٩.٧٢,augmented,"1,400 billion U.S. dollars",False,2.427
247,two_col_1605.png,كم عدد المباريات التي شهدها آخر كأس عالم في روسيا؟,64,٦٤,augmented,64,True,2.367
248,multi_col_60593.png,كم عدد المدنيين الذين قتلهم الغارات الجوية الأمريكية في باكستان حتى تاريخ 2 يونيو؟,0,٠,augmented,لا توجد بيانات في الرسم البياني تشير إلى تاريخ 2 يونيو.,False,1.534
249,two_col_996.png,ما هو معدل التضخم في فرنسا عام 2020؟,0.53,٠.٥٣,augmented,0.53%,True,2.002
250,two_col_63826.png,ما هو الفندق الذي كان يمتلك أسرع شبكة واي فاي في لاس فيغاس اعتبارًا من أغسطس 2017؟,Plaza Hotel & Casino,فندق وكازينو بلازا,augmented,Plaza Hotel & Casino,True,2.012
251,multi_col_40539.png,ما هو حجم الإيرادات التي حققتها منتجات أمراض القلب التداخلية في الولايات المتحدة عام 2020؟,2281,٢٢٨١,augmented,2 299 مليون دولار أمريكي,False,2.029
252,multi_col_40539.png,ما هي فئة المنتجات الأكثر مبيعًا خلال الفترة بأكملها؟,Interventional Cardiology,طب القلب التداخلي,augmented,Interventional Cardiology,True,1.911
253,two_col_63080.png,كم عدد سيارات تويوتا التي سُجِّلت في فنلندا عام 2019؟,15183,١٥١٨٣,augmented,15 183,False,1.422
254,two_col_63080.png,في أي عام زادت مبيعات تويوتا؟,2015,٢٠١٥,augmented,2010، 2012، 2014، 2016، 2017، 2018، 2019,False,1.387
255,two_col_43229.png,"ما هي نسبة المستهلكين الذين قيّموا أحذية ""ذا نورث فيس"" بأنها إيجابية للغاية؟",71,٧١,augmented,71%,True,1.392
256,two_col_24183.png,كم عدد البلجيكيين غير المتزوجين في عام 2020؟,5616311,٥٦١٦٣١١,augmented,5 616 311,False,1.799
257,two_col_906.png,ما هي نسبة السكان البيض في المملكة المتحدة عام 2011؟,87.2,٨٧.٢,augmented,87.2%,True,1.808
258,two_col_188.png,ما هو الناتج المحلي الإجمالي للولايات المتحدة بالدولار في عام 2020؟,20934.9,٢٠٩٣٤.٩,augmented,21 000 billion current U.S. dollars,False,1.759
259,two_col_21219.png,ما هي إجمالي مبيعات أكياس النوم في الولايات المتحدة عام 2010؟,191.76,١٩١.٧٦,augmented,191.76 million U.S. dollars,True,1.778
260,multi_col_21089.png,ما هي إيرادات إعلانات تويتر في الربع الأول من عام 2021؟,899,٨٩٩,augmented,899 مليون دولار أمريكي,True,2.776
261,multi_col_21089.png,ما الذي يمثل الغالبية العظمى من إيرادات تويتر؟,Advertising,الإعلان,augmented,Advertising,True,3.322
262,multi_col_80552.png,ما هو متوسط الإنفاق لكل معاملة بيع بالتجزئة إلكترونية لكل جهاز لوحي خلال آخر فترة قياس؟,98,٩٨,augmented,$98,True,1.567
263,two_col_41928.png,ما هو معدل البطالة في ميسوري عام 2020؟,6.1,٦.١,augmented,6.1%,True,2.408
264,two_col_41928.png,ما هو معدل البطالة في ميسوري عام 2010؟,3.3,٣.٣,augmented,9.5%,False,5.321
265,two_col_41928.png,ما هو أعلى معدل بطالة في ميسوري عام 2010؟,9.5,٩.٥,augmented,9.5%,True,2.883
266,two_col_22849.png,في أي عام بلغ عدد سكان البرتغال 10.29 مليون؟,2020,٢٠٢٠,augmented,2019، 2020,True,2.014
267,two_col_22849.png,ما هو عدد سكان البرتغال في عام 2020؟,10.2,١٠.٢,augmented,10.29 million,True,1.861
269,two_col_2757.png,ما هي أكثر أنواع المركبات التجارية والضخمة شيوعًا على الطرق في المملكة المتحدة في الربع الثالث من عام 2020؟,Fiat Ducato,فيات دوكاتو,augmented,"Fiat Ducato (13 056), Iveco Daily (11 136), Daf Trucks Fa 45Lf (7 768), Isuzu Trucks Forward (7 190), Iveco Eurocargo (6 676), Mercedes Sprinter (5 408), Mitsubishi Fuso Canter (4 562), Fiat Auto Trail (4 502), Peugeot Boxer (3 358), Leyland Daf Fa 45 (3 009), Iveco Stralis (2 681), Daf Trucks Fa 55Lf (2 032)",True,2.254
270,two_col_2894.png,ما هي نقطة البداية لأغنى واحد بالمائة في لوكسمبورغ عام 2014؟,2684200,٢٦٨٤٢٠٠,augmented,2 684 200,False,3.146
271,two_col_2894.png,ما كانت نقطة القطع في إسبانيا عام 2014؟,227700,٢٢٧٧٠٠,augmented,227 700,False,1.945
272,two_col_83075.png,كم بلغ إنفاق السياحة الداخلية في الولايات المتحدة عام 2019؟,456.1,٤٥٦.١,augmented,456.1 million U.S. dollars,True,4.581
273,two_col_100860.png,من كان أفضل لاعب في كأس العالم FIFA 2018؟,Granit Xhaka,غرانيت خاكا,augmented,لا توجد بيانات في الرسم البياني.,False,1.581
274,two_col_100860.png,ما هي القيمة السوقية لغرانيت شاكا؟,40,٤٠,augmented,40 مليون يورو,True,1.508
275,two_col_62989.png,في أي عام كان من المتوقع أن ينمو سوق الحماية والتخفيف العالمي من هجمات الحرمان من الخدمة الموزعة (DDoS) ليصل إلى 4.1 مليار دولار أمريكي؟,2023,٢٠٢٣,augmented,2023,True,2.065
276,two_col_62989.png,ما هو حجم سوق حماية وتخفيف هجمات الحرمان من الخدمة الموزعة (DDoS) المتوقع أن يصل إليه في عام 2023؟,4.1,٤.١,augmented,4.1 billion U.S. dollars,True,4.59
277,two_col_80352.png,من زاد حجم مبيعاته بأكثر من 690 ألف صندوق سعة 9 لترات في عام 2013؟,Captain Morgan,كابتن مورغان,augmented,"Hercules, Celebration, Khoday's, Captain Morgan",True,1.893
278,two_col_61192.png,ما هو الناتج المحلي الإجمالي لقطاع البناء في نونافوت عام 2012 بالدولار الكندي؟,585.1,٥٨٥.١,augmented,585.1 مليون دولار كندي,True,1.479
279,two_col_5750.png,في أي عام حقق فريق بوفالو بيلز أرباحه لأول مرة؟,2001,٢٠٠١,augmented,لا يمكن تحديد ذلك من خلال الرسم البياني.,False,1.811
280,two_col_5750.png,ما هو إيراد فريق بوفالو بيلز في عام 2019؟,413,٤١٣,augmented,413 million U.S. dollars,True,1.905
281,two_col_4292.png,ما هي نسبة الأرباح للعاملات إلى العمال الذكور الذين تتراوح أعمارهم بين 16 و 24 عامًا في الربع الرابع من عام 2020؟,95.36,٩٥.٣٦,augmented,95.36%,True,1.401
282,two_col_81578.png,ما هو متوسط درجة لعبة سبريتفيرر؟,9.5,٩.٥,augmented,9.5,True,2.847
283,two_col_81578.png,ما هي الألعاب الأخرى التي حصلت على تقييم 9.3؟,DARQ: Complete Edition,دارق: الطبعة الكاملة,augmented,"Squad, The Henry Stickmin Collection, Plants vs. Zombies: Battle for Neighborville - Complete Edition, DARQ: Complete Edition",True,1.942
284,two_col_81578.png,ما هي أعلى لعبة فيديو تقييمًا في بولندا حتى يونيو 2021؟,Spiritfarer,روح الرحالة,augmented,Spiritfarer,True,1.815
285,two_col_23657.png,"ما هي الولاية التي كان لديها أعلى نسبة من المستفيدين من برنامج ""ميديكير"" في عام 2019؟",Maine,أنا,augmented,Maine، 25.3%,True,1.927
286,two_col_104459.png,ما هو معدل البطالة بين الشباب في المجر عام 2019؟,11.4,١١.٤,augmented,11.4%,True,1.947
287,two_col_63274.png,ما هي نسبة الأطفال الذين تم تطعيمهم ضد الحصبة والنكاف والحصبة الألمانية في سبتة؟,99.6,٩٩.٦,augmented,99.6%,True,2.311
288,multi_col_584.png,ما هي العلامة التجارية التي باعت أكبر عدد من السيارات في إيطاليا عام 2020؟,Fiat,فيات,augmented,Fiat,True,1.923
289,two_col_2829.png,ما هي الولاية التي كانت ثالث أكبر منتج للفلفل في عام 2018؟,Madhya Pradesh,ماديا براديش,augmented,Madhya Pradesh,True,1.538
290,two_col_2829.png,ما هي الولاية التي كانت أكبر منتج للفلفل في السنة المالية 2018؟,Telangana,تيلانجانا,augmented,Telangana,True,1.856
291,two_col_82932.png,كم عدد الأشخاص الذين استخدموا العلاج المضاد للالتهاب (ART) لعلاج فيروس نقص المناعة البشرية في منطقة آسيا والمحيط الهادئ في عام 2019؟,3.5,٣.٥,augmented,3.5 مليون,True,1.528
292,two_col_43929.png,ما هو أدنى معدل في العام بأكمله؟,38,٣٨,augmented,38,True,1.59
293,two_col_1734.png,ما هي القيمة السوقية المقدرة لقطاع التجارة الإلكترونية في الهند بحلول عام 2027؟,200,٢٠٠,augmented,200 billion U.S. dollars,True,2.597
294,two_col_1734.png,ما هي القيمة السوقية لقطاع التجارة الإلكترونية في الهند عام 2018؟,50,٥٠,augmented,50 billion U.S. dollars,True,1.816
295,multi_col_233.png,ما هو الناتج المحلي الإجمالي لكتالونيا في عام 2019؟,249900,٢٤٩٩٠٠,augmented,250 000 million euros,False,1.589
296,two_col_42027.png,متى كانت آخر مرة تغير فيها معدل انتشار التدخين للإناث البالغات في سنغافورة؟,2010,٢٠١٠,augmented,2013,False,1.649
297,two_col_42027.png,ما هو معدل انتشار التدخين للإناث البالغات في سنغافورة عام 2016؟,5.2,٥.٢,augmented,5.2%,True,1.156
298,two_col_104217.png,متى وُجد أكبر إجمالي قيمة لاستثمارات رأس المال الخاص؟,2007,٢٠٠٧,augmented,2007,True,2.718
299,two_col_104217.png,ما هي قيمة استثمارات رأس المال الخاص اعتبارًا من عام 2016؟,73.79,٧٣.٧٩,augmented,73.79 million euros,True,1.554
300,two_col_102261.png,حتى ديسمبر 2020، كم عدد المعاهد الائتمانية التي كانت تعمل في بلجيكا؟,83,٨٣,augmented,83,True,1.998
301,multi_col_514.png,"ما هو إجمالي إيرادات شباك التذاكر العالمية لفيلم ""Furious 7""؟",1518.72,١٥١٨.٧٢,augmented,1 518.72 مليون دولار أمريكي,False,1.74
302,multi_col_514.png,"ما هو إجمالي إيرادات فيلم ""Furious 7"" في دور السينما في جميع أنحاء أمريكا الشمالية في سبتمبر 2020؟",353.01,٣٥٣.٠١,augmented,353.01 مليون دولار أمريكي,True,1.094
303,two_col_63161.png,كم عدد المؤسسات في قطاع تصنيع الشوكولاتة والكاكاو والحلويات في البرتغال عام 2017؟,177,١٧٧,augmented,177,True,1.555
304,two_col_62160.png,ما هي قيمة سوق الإطارات الألمانية للنظارات في عام 2013؟,1115,١١١٥,augmented,1 115 million euros,False,2.016
305,two_col_103157.png,كم عدد المتابعين الذين كان لدى Sainsbury's في أغسطس 2011؟,121691,١٢١٦٩١,augmented,121 691,False,1.868
306,two_col_80166.png,ما هو صافي دخل كريدي أجريكول في عام 2019؟,4844,٤٨٤٤,augmented,4 844 million euros,False,1.404
307,two_col_80166.png,ما هو صافي دخل كريدي أجريكول في عام 2018؟,4400,٤٤٠٠,augmented,4 400 million euros,False,1.963
308,two_col_62758.png,ما هو حجم الإيرادات التي حققتها مجموعة إنترنت الأشياء التابعة لشركة إنتل في الربع الأول من عام 2021؟,914,٩١٤,augmented,914 million U.S. dollars,True,3.297
309,two_col_62758.png,ما هو إيراد قسم إنترنت الأشياء (IOTG) التابع لشركة إنتل في الربع الثالث من عام 2019؟,914,٩١٤,augmented,1 000 million U.S. dollars,False,3.637
310,two_col_81602.png,ما هو راتب فريق سان أنطونيو سبيرز في موسم 2019/20؟,115,١١٥,augmented,115 million U.S. dollars,True,4.629
311,multi_col_944.png,"بأي نسبة زادت إيرادات علامة ""ذا نورث فيس"" التابعة لشركة ""في إف"" كوربوريشن في منطقة آسيا والمحيط الهادئ في السنة المالية 2021؟",22,٢٢,augmented,22%,True,1.769
312,two_col_100448.png,ما هو حجم الإيرادات التي حققتها شركة سانت جود ميديكال إنك في عام 2010؟,2647.6,٢٦٤٧.٦,augmented,2 647.6 مليون دولار أمريكي,False,3.974
313,two_col_3016.png,ما هو إيراد شركة سونيك في عام 2018؟,423.59,٤٢٣.٥٩,augmented,423.59 million U.S. dollars,True,1.646
314,two_col_42882.png,في أي عام نما الناتج المحلي الإجمالي لأفغانستان بنسبة 3.91%؟,2016,٢٠١٦,augmented,2019,False,4.316
315,two_col_42882.png,ما هي نسبة نمو الناتج المحلي الإجمالي لأفغانستان في عام 2019؟,3.91,٣.٩١,augmented,3.91%,True,1.786
316,two_col_102967.png,ما هو أعلى مبلغ للاستثمار الأجنبي المباشر في أفريقيا في عام 2018؟,10091,١٠٠٩١,augmented,10 091 million GBP,False,1.528
317,multi_col_1529.png,ما هي القيمة التقديرية لقطاع الرعاية الصحية الاستهلاكية التابع لشركة جونسون آند جونسون بالدولار في عام 2018؟,3.33,٣.٣٣,augmented,$11.99 مليار,False,2.032
318,two_col_764.png,ما هي الولاية التي حققت أعلى معدل للاختبار لفيروس كورونا؟,Maharashtra,ماهاراشترا,augmented,Maharashtra,True,1.731
319,two_col_764.png,ما هو أدنى معدل لاختبار كوفيد-19 في بيهار؟,605,٦٠٥,augmented,605,True,2.324
320,two_col_42666.png,ما هو المساهمة المباشرة لقطاع السفر والسياحة في الناتج المحلي الإجمالي لفرنسا في عام 2017؟,82.7,٨٢.٧,augmented,82.7 billion euros,True,1.658
321,multi_col_20799.png,ما هي نسبة المستجيبين من الجيل Y الذين أدرجوا التعويضات والمزايا كأهم عامل؟,20,٢٠,augmented,20%,True,1.44
322,two_col_2535.png,أي دولة سجلت أعلى متوسط يومي لعدد الخطوات؟,Hong Kong,هونغ كونغ,augmented,Hong Kong,True,1.766
323,two_col_22419.png,ما هو معدل البطالة في أوريغون عام 2009؟,3.7,٣.٧,augmented,10.8%,False,3.018
324,two_col_22419.png,ما هو أعلى معدل بطالة في أوريغون عام 2009؟,10.7,١٠.٧,augmented,10.8%,True,1.455
325,two_col_2633.png,كم عدد أجهزة تكييف الهواء التي تم شحنها في الولايات المتحدة في عام 2020؟,5.91,٥.٩١,augmented,5.91 مليون,True,2.328
327,multi_col_889.png,ما هي صافي المبيعات لقسم بذور الذرة والسمات الخاصة بشركة مونسانتو في عام 2017؟,6270,٦٢٧٠,augmented,6 245 million U.S. dollars,False,1.545
328,two_col_101386.png,كم عدد تطبيقات الرعاية الصحية المصممة خصيصًا لمشاكل خصوبة النساء حتى يونيو 2013؟,49,٤٩,augmented,49,True,2.02
329,two_col_62915.png,ما هو عدد المشتركين الفريدين للهاتف المحمول في منطقة آسيا والمحيط الهادئ المتوقع أن يتصدر بحلول عام 2016؟,2019,٢٠١٩,augmented,2 006 million,False,1.504
330,two_col_132.png,ما هو معدل التضخم في جنوب أفريقيا؟,4.5,٤.٥,augmented,4.6%,True,1.581
331,two_col_132.png,ما هو المعدل الذي يُتوقع أن يستقر عليه التضخم في جنوب أفريقيا في المستقبل؟,4.5,٤.٥,augmented,4.6%,True,5.774
332,two_col_22050.png,كم عدد الأزواج بدون أطفال الذين سجلوا في النرويج عام 2020؟,621453,٦٢١٤٥٣,augmented,621 453,False,1.827
333,two_col_1242.png,ما هي صافي مبيعات ليفي شتراوس في عام 2020؟,4452.61,٤٤٥٢.٦١,augmented,4 452.61,False,2.365
334,two_col_41310.png,ما هي شخصية حرب النجوم الأكثر شعبية؟,Princess Leia,الأميرة ليا,augmented,Yoda، Princess Leia (13%),True,1.745
335,two_col_5936.png,ما هو تصنيف قناة تيليفي في يونيو 2020؟,8.5,٨.٥,augmented,8.5,True,4.579
336,two_col_5936.png,ما هي القناة التلفزيونية المجانية الرائدة في الأرجنتين في يونيو 2020؟,Telefe,تلفيف,augmented,Telefe,True,2.795
337,multi_col_100500.png,ما هو متوسط حجم السكان لجميع دول منطقة اليورو معًا في عام 2016؟,67341,٦٧٣٤١,augmented,65 000,False,2.092
338,two_col_43432.png,ما هي صافي مبيعات وول مارت في الربع الرابع من عام 2020؟,140.61,١٤٠.٦١,augmented,140.61 billion U.S. dollars,True,1.936
339,two_col_62880.png,ما هو إجمالي الناتج الصناعي لتصنيع المبيدات والمواد الكيميائية الزراعية الأخرى في الولايات المتحدة عام 2016؟,14915,١٤٩١٥,augmented,14 915 million U.S. dollars,False,4.391
340,two_col_62880.png,ما هو إجمالي الناتج الصناعي لتصنيع المبيدات والمواد الكيميائية الزراعية الأخرى في عام 1998؟,11540,١١٥٤٠,augmented,11 546 million U.S. dollars,False,1.647
341,two_col_40560.png,ما هو الدخل التشغيلي لآلات الموسيقى لشركة ياماها كوربوريشن حتى السنة المالية 2020؟,351.5,٣٥١.٥,augmented,351.5 million U.S. dollars,True,4.859
342,two_col_62875.png,كم كانت قيمة الحمص المستورد إلى 28 دولة في الاتحاد الأوروبي بالدولار الكندي في عام 2013؟,188.4,١٨٨.٤,augmented,188.4 million Canadian dollars,True,2.201
343,two_col_5590.png,ما هو الناتج المحلي الإجمالي الحقيقي لجورجيا بالدولار في عام 2020؟,533.57,٥٣٣.٥٧,augmented,533.57 billion U.S. dollars,True,1.895
344,two_col_24626.png,كم عدد متاجر جوول في ألمانيا؟,96,٩٦,augmented,96,True,2.157
345,two_col_24626.png,كم عدد متاجر بي آند إم التي تمتلكها مجموعة بي آند إم؟,620,٦٢٠,augmented,620,True,5.637
346,two_col_60106.png,كم عدد السكان الذين عاشوا في منطقة إنديانابوليس-كارميل-أندرسون الحضرية في عام 2019؟,2052368,٢٠٥٢٣٦٨,augmented,2 067 882,False,2.642
347,two_col_101737.png,ما هي قيمة الصادرات الأمريكية للتلفزيون وأجهزة الفيديو المسجلة (VCR) ومعدات الفيديو من عام 2002 إلى عام 2019؟,4.15,٤.١٥,augmented,2002: 3.96 مليار دولار، 2003: 3.38 مليار دولار، 2004: 3.6 مليار دولار، 2005: 3.64 مليار دولار، 2006: 3.87 مليار دولار، 2007: 3.86 مليار دولار، 2008: 3.75 مليار دولار، 2009: 3.9 مليار دولار، 2010: 5.16 مليار دولار، 2011: 5.71 مليار دولار، 2012: 5.05 مليار دولار، 2013: 4.36 مليار دولار، 2014: 4.58 مليار دولار، 2015: 4.8 مليار دولار، 2016: 4.83 مليار دولار، 2017: 4.97 مليار دولار، 2018: 4.52 مليار دولار، 2019: 4.15 مليار دولار.,True,2.186
348,two_col_40457.png,ما هو معدل انتشار مستخدمي فيسبوك المتوقع في هولندا في عام 2025؟,62.2,٦٢.٢,augmented,62.2%,True,1.723
349,two_col_62801.png,ما هي قيمة المشروبات الكحولية المعبأة في الولايات المتحدة عام 2016؟,8.28,٨.٢٨,augmented,8.28 billion U.S. dollars,True,2.056
350,two_col_40989.png,كم عدد تفجيرات الانتحار التي وقعت بين عامي 2011 و 2013؟,200,٢٠٠,augmented,2011: 200، 2012: 217، 2013: 276,True,2.102
351,two_col_20863.png,ما هي قيمة صفقات الأسهم الخاصة العالمية في النصف الأول من عام 2020؟,302.28,٣٠٢.٢٨,augmented,302.28 billion U.S. dollars,True,1.696
352,two_col_61389.png,كم عدد الأسر التي اشتركت في خدمة في الربع الأول من عام 2020؟,15,١٥,augmented,15 مليون أسرة,True,1.582
353,two_col_61389.png,كم عدد الأسر المشتركة في خدمة بث الفيديو عند الطلب (SVOD) في الربع الأول من عام 2014؟,3.83,٣.٨٣,augmented,3.83 مليون أسرة,True,1.408
354,two_col_104099.png,في أي عام كان هناك حوالي 0.3 حالة من الفشل الكلوي المزمن لكل مليون سنة؟,1998,١٩٩٨,augmented,لا يوجد,False,2.117
355,two_col_104099.png,ما كان معدل القصور الكلوي المزمن في عام 1980 لكل مليون شخص؟,65.3,٦٥.٣,augmented,65.3,True,4.035
356,two_col_22833.png,ما هو متوسط قسط تأمين المستأجرين في عام 2018؟,179,١٧٩,augmented,179,True,1.872
357,multi_col_100142.png,ما هي النسبة المئوية المتوقعة لزيادة قطاع الخدمات في الربع الثاني من عام 2020؟,6.47,٦.٤٧,augmented,Scenario 1 (Covid-19 ends in Q1 2020): 6.625%، Scenario 2 (Covid-19 ends in Q2 2020): 6.17%,False,2.426
358,two_col_4166.png,كم عدد مستخدمي الهواتف المحمولة في الولايات المتحدة الذين استخدموا فيسبوك ماسنجر في عام 2018؟,126.3,١٢٦.٣,augmented,126.3 مليون,True,1.796
359,two_col_4166.png,ما هو العدد المتوقع لمستخدمي فيسبوك ماسنجر في عام 2022؟,138.1,١٣٨.١,augmented,138.1 million,True,1.255
360,two_col_60370.png,ما هو الناتج المحلي الإجمالي لإستونيا بالدولار في عام 2020؟,31.01,٣١.٠١,augmented,31.01 مليار دولار,True,5.742
361,two_col_23858.png,ما هو الناتج المحلي الإجمالي لنيو مكسيكو في عام 2020؟,95.73,٩٥.٧٣,augmented,95.73 billion U.S. dollars,True,3.385
362,two_col_23858.png,ما هو الناتج المحلي الإجمالي لنيو مكسيكو بالدولار في العام السابق؟,98.77,٩٨.٧٧,augmented,$98.77 billion,True,1.647
363,two_col_60250.png,ما هو معدل نمو الناتج المحلي الإجمالي للنرويج في الربع الأول من عام 2021؟,5.8,٥.٨,augmented,5.8%,True,2.08
364,two_col_43881.png,ما هو متوسط تكلفة طن الفحم في عام 2019؟,38.7,٣٨.٧,augmented,$38.7,True,2.062
365,two_col_43881.png,ما هو متوسط تكلفة الفحم لصناعة الطاقة الكهربائية في عام 2011؟,46.65,٤٦.٦٥,augmented,$46.4,True,2.127
366,two_col_22448.png,ما هي نسبة السكان العاطلين عن العمل في إسبانيا عام 2020؟,19,١٩,augmented,19%,True,2.926
367,multi_col_60037.png,بين يناير وأغسطس 2020، كم عدد الوفيات في إنجلترا وويلز التي كان سببها الأساسي هو كوفيد-19؟,48168,٤٨١٦٨,augmented,48 168,False,1.83
368,two_col_21791.png,متى ينتهي الحجم الإجمالي للطرود لخدمة فيديكس جراوند؟,2021,٢٠٢١,augmented,2021,True,1.541
369,two_col_21791.png,ما هي السنة المالية لـ FedEx Ground؟,2016,٢٠١٦,augmented,2016، 2017، 2018، 2019، 2020، 2021,True,2.917
370,two_col_61294.png,كم عدد الاشتراكات الهاتفية المسجلة لكل 100 شخص في اليمن بين عامي 2000 و 2016؟,67.17,٦٧.١٧,augmented,2000: 0.18، 2001: 0.82، 2002: 2.62، 2003: 3.54، 2004: 7.53، 2005: 11.31، 2006: 14.41، 2007: 20.53، 2008: 29.7، 2009: 37.4، 2010: 48.7، 2011: 50.07، 2012: 58.28، 2013: 69.01، 2014: 68.49، 2015: 67.98، 2016: 67.17,True,2.303
371,two_col_1501.png,ما هو مقدار الإيرادات التي حققها مانشستر يونايتد في السنة المالية 2020؟,629.61,٦٢٩.٦١,augmented,629.61 million U.S. dollars,True,2.126
372,two_col_42537.png,كم حققت أندر آرمور من مبيعات الأحذية في عام 2020؟,934.33,٩٣٤.٣٣,augmented,934.33 million U.S. dollars,True,2.84
373,two_col_2928.png,كم عدد الأشخاص الذين شاركوا في ركوب الأمواج في الولايات المتحدة عام 2017؟,2.68,٢.٦٨,augmented,2.68 مليون,True,1.757
374,multi_col_60867.png,ما هو معدل البطالة في فبراير 2021؟,5.7,٥.٧,augmented,5.6%,True,1.94
375,two_col_24345.png,ما هو معدل مؤشر الفساد لسنغافورة في عام 2020؟,85,٨٥,augmented,85,True,1.589
376,two_col_24345.png,ما هو معدل الفساد في كمبوديا لعام 2020؟,21,٢١,augmented,21,True,2.928
377,two_col_24345.png,ما هي الدولة الأقل فساداً في منطقة الآسيان في عام 2020؟,Singapore,سنغافورة,augmented,Singapore,True,1.412
378,two_col_82194.png,في أي عام أبلغت لوجيتك لأول مرة عن تكاليف الإعلان لعام 2021؟,2016,٢٠١٦,augmented,2021,False,1.78
379,two_col_82194.png,كم أنفقت لوجيتك على الإعلانات في عام 2021؟,450,٤٥٠,augmented,450 million U.S. dollars,True,2.966
380,two_col_82194.png,كم أنفقت لوجيتك على الإعلانات في عام 2020؟,298.6,٢٩٨.٦,augmented,298.6 million U.S. dollars,True,1.072
381,two_col_6130.png,كم عدد محطات وقود إيسو على الطرق السريعة والطرق السريعة الفرنسية في عام 2018؟,46,٤٦,augmented,46,True,2.502
382,two_col_104898.png,ما هو التصنيف الأول بين النطاقات ذات أكبر الشبكات الفرعية المرجعية على مستوى العالم اعتبارًا من أبريل 2021؟,google.com,google.com,augmented,facebook.com,False,2.4
383,two_col_60388.png,كم رطل من البضائع استورد ويلز من أمريكا الشمالية في عام 2018؟,3514,٣٥١٤,augmented,"لا توجد بيانات حول ""رطل"" في الرسم البياني.",False,2.047
384,two_col_42812.png,ما هو معدل البطالة بين الشباب في أرمينيا عام 2020؟,34.05,٣٤.٠٥,augmented,34.05%,True,1.551
385,two_col_1411.png,ما هو معدل انتشار الاستماع إلى الموسيقى في عام 2015؟,88,٨٨,augmented,88%,True,3.439
386,two_col_103477.png,ما هي قيمة أصول العملاء للأفراد في جي بي مورغان تشيس بالدولار في عام 2020؟,760,٧٦٠,augmented,$760 billion,True,2.186
387,two_col_891.png,من يمتلك أكبر عدد من الانتصارات بين جميع فرق دوري كرة القدم الأمريكية (NFL)؟,New England Patriots,نيو إنجلاند باتريوتس,augmented,"Pittsburgh Steelers, San Francisco 49ers",False,1.809
388,multi_col_80420.png,ما هي سلسلة المتاجر الكبرى التي كانت المفضلة لدى جزء كبير من السكان الإسبانيين؟,Mercadona,مركادونا,augmented,Others,False,2.177
389,two_col_988.png,ما كان متوسط عدد الأفراد في الأسرة في كندا عام 2018؟,2.9,٢.٩,augmented,لا توجد بيانات في الرسم البياني توضح متوسط عدد الأفراد في الأسرة في كندا لعام 2018.,False,1.713
390,two_col_988.png,ما هو متوسط حجم الأسرة في نونافوت عام 2018؟,3.8,٣.٨,augmented,3.8,True,2.067
391,two_col_101539.png,ما هو متوسط سعر الطبق الرئيسي المتناول في مطعم بفندق؟,14.67,١٤.٦٧,augmented,14.67 GBP,True,1.753
392,two_col_4808.png,أي دولة تحتل المرتبة الثالثة في استهلاك البسكويت؟,France,فرنسا,augmented,France,True,1.938
393,two_col_81698.png,ما هو أدنى حجم للركاب المسجل في روسيا عام 2019؟,121942,١٢١٩٤٢,augmented,121 500 million passenger-kilometers,False,4.372
394,two_col_81698.png,ما هو أعلى حجم من كيلومترات الركاب المسجلة في عام 2008؟,151774,١٥١٧٧٤,augmented,150 000 million passenger-kilometers,False,1.441
395,two_col_83362.png,ما هو معدل مؤشر الأمن الصحي لتشيلي في عام 2019؟,39.3,٣٩.٣,augmented,58.3,False,2.139
396,two_col_83362.png,ما هو معدل مؤشر الأمن الصحي الإجمالي لتشيلي في عام 2019؟,58.3,٥٨.٣,augmented,58.3,True,1.443
397,two_col_4995.png,ما هو الإنفاق على النقل العام في عام 2010/11؟,3.63,٣.٦٣,augmented,3.63 billion GBP,True,1.894
398,two_col_4995.png,كم أنفقت الحكومة على النقل العام في عام 2009/10؟,3.9,٣.٩,augmented,3.9 billion GBP,True,1.208
399,two_col_21822.png,كم حقق فريق مينيسوتا وايلد من أموال في موسم 2019/20؟,123,١٢٣,augmented,$123 مليون,True,1.612
400,two_col_5126.png,ما هي مبيعات معجون الأسنان عبر منافذ الأدوية في الولايات المتحدة في عام 2011/2012؟,517.2,٥١٧.٢,augmented,517.2 مليون دولار أمريكي,True,2.069
401,two_col_5126.png,ما هو إجمالي مبيعات معجون الأسنان في الولايات المتحدة في عام 2011/2012؟,1597.1,١٥٩٧.١,augmented,1 597.1 Million U.S. dollars,False,1.867
402,two_col_6267.png,ما كان متوسط سعر التذكرة لمباريات جاكسونفيل جاغوارز في عام 2020؟,80.09,٨٠.٠٩,augmented,$80.09,True,1.53
403,two_col_3092.png,ما هي الدولة الأصلية الأكثر تكراراً التي تم التصريح بها عند الوصول إلى إيطاليا؟,Tunisia,تونس,augmented,Tunisia,True,2.05
404,two_col_3092.png,كم عدد التونسيين الذين وصلوا إلى إيطاليا بين يناير 2019 ويناير 2020؟,2722,٢٧٢٢,augmented,2 722,False,2.044
405,two_col_101738.png,كم عدد فنادق إنتركونتيننتال حتى 31 ديسمبر 2020؟,205,٢٠٥,augmented,205,True,1.667
406,two_col_101738.png,كم عدد فنادق إنتركونتيننتال في عام 2008؟,159,١٥٩,augmented,159,True,2.306
407,two_col_1750.png,كم عدد جرائم القتل التي تم تأكيدها في عام 2012؟,68,٦٨,augmented,68,True,2.948
408,two_col_1750.png,كم عدد جرائم القتل المؤكدة في السويد عام 2020؟,124,١٢٤,augmented,124,True,1.623
409,two_col_81207.png,ما هي حصة المستخدم اليومي لسبوتيفاي في فنلندا عام 2017؟,46,٤٦,augmented,46%,True,1.986
410,two_col_40875.png,كم عدد الجامعات التي كانت في فيتنام عام 2019؟,237,٢٣٧,augmented,237,True,1.679
411,two_col_4750.png,ما هو مبلغ إيرادات ضريبة المراهنات والألعاب في العام السابق؟,3.02,٣.٠٢,augmented,2.83 billion GBP,False,2.256
412,multi_col_80371.png,ما كانت نسبة ملكية الهواتف الذكية بين المراهقين الذين تتراوح أعمارهم بين 13 و 16 عامًا؟,97,٩٧,augmented,97%,True,1.6
413,multi_col_80371.png,ما هي نسبة الأطفال في نفس الفئة العمرية الذين امتلكوا هواتف؟,97,٩٧,augmented,"9-12 years: 89%, 13-16 years: 102%, 17-18 years: 105%",False,1.285
414,two_col_41394.png,ما هو صافي دخل إيباي في الربع الثاني من عام 2015؟,83,٨٣,augmented,100 مليون دولار أمريكي,False,1.619
415,two_col_41422.png,ما هو إجمالي ودائع السنة المالية السابقة؟,41.04,٤١.٠٤,augmented,37.7 trillion Indian rupees,False,1.758
416,two_col_41422.png,كم كان مبلغ الروپية الهندية المودع من البنوك الهندية الخاصة في السنة المالية 2020؟,41.04,٤١.٠٤,augmented,41.04 trillion Indian rupees,True,1.531
417,two_col_41422.png,كم بلغ إيداع بنك HDFC في السنة المالية 2020؟,41.04,٤١.٠٤,augmented,41.04 trillion Indian rupees,True,2.357
418,multi_col_101142.png,ما هي نسبة المؤسسات التي اشترت خدمات الحوسبة السحابية في عام 2018؟,18,١٨,augmented,"Buy high CC services (accounting software applications, CRM software, computing power): 18%
Buy storage of files: 27%
Buy finance or accounting software applications: 12%
Buy hosting for the enterprise's database: 11%
Buy Customer Relationship Management software: 8%
Buy computing power to run the enterprise's own software: 6%",True,2.31
419,multi_col_101142.png,ما هي نسبة الشركات في قطاع التصنيع في المملكة المتحدة التي لديها أكثر من 10 موظفين والتي اشترت خدمات الحوسبة السحابية في عام 2020؟,32,٣٢,augmented,32%,True,1.755
420,multi_col_80355.png,ما هي نسبة المركبات الجديدة التي يزيد عمرها عن 15 عامًا والتي سُجلت في عام 2005؟,13,١٣,augmented,13%,True,2.183
421,two_col_82593.png,ما هي المساهمة السياحية المباشرة لديربان في الناتج المحلي الإجمالي لجنوب أفريقيا لعام 2026؟,1.4,١.٤,augmented,1.4 billion U.S. dollars,True,2.797
422,two_col_2057.png,كم عدد المتاجر التي كانت تديرها أبيركرومبي آند فيتش في عام 2020؟,238,٢٣٨,augmented,238,True,2.059
423,two_col_2057.png,كم عدد المتاجر التي كانت لدى أبكرومبي آند فيتش في العام السابق؟,308,٣٠٨,augmented,308,True,1.455
424,two_col_102523.png,كم عدد الصحفيين والعاملين في دعم وسائل الإعلام الذين قُتلوا في المكسيك عام 2018؟,14,١٤,augmented,16,False,2.707
425,two_col_102523.png,كم عدد الصحفيين والعاملين في مجال الإعلام الذين قُتلوا في المكسيك عام 2018؟,16,١٦,augmented,16,True,1.54
426,two_col_62843.png,ما هو معدل سهولة ممارسة الأعمال في سنغافورة عام 2019؟,85.24,٨٥.٢٤,augmented,85.24,True,2.428
427,two_col_42700.png,ما هو دين الائتمان للأسر والمنظمات غير الربحية في نهاية عام 2020؟,16.64,١٦.٦٤,augmented,16.64 trillion U.S. dollars,True,1.736
428,two_col_742.png,ما هي قيمة علامة سامسونج التجارية بالدولار الأمريكي في عام 2020؟,77793,٧٧٧٩٣,augmented,77 793 مليون دولار أمريكي,False,1.739
429,two_col_2700.png,ما كان متوسط سعر التذكرة لمباريات فريق ستيلرز في عام 2020؟,114.24,١١٤.٢٤,augmented,114.24,True,2.64
430,two_col_43989.png,ما هو متوسط عدد الأسهم القائمة لشركة سانوفي في عام 2020؟,1259,١٢٥٩,augmented,1 259,False,2.826
431,two_col_103159.png,ما هي قيمة المؤشر لمبيعات متاجر الأقسام في الربع الثاني من عام 2018؟,100.5,١٠٠.٥,augmented,100.3,True,2.367
432,two_col_100012.png,ما هو معدل البطالة في إيطاليا للفئة العمرية بين 15 و 24 عامًا في الربع الرابع من عام 2020؟,29.9,٢٩.٩,augmented,30%,True,1.648
433,two_col_4248.png,كم عدد الدولارات الأمريكية الثابتة التي صدرت من الأسلحة من السويد إلى باكستان والإمارات العربية المتحدة في عام 2020؟,80,٨٠,augmented,"Pakistan: 80 million, United Arab Emirates: 80 million",True,1.924
434,two_col_42055.png,في أي عام انتهى الدين الوطني لجنوب أفريقيا؟,2020,٢٠٢٠,augmented,لا,False,2.227
435,two_col_42055.png,ما هي نسبة الدين الوطني إلى الناتج المحلي الإجمالي لجنوب أفريقيا في عام 2020؟,77.06,٧٧.٠٦,augmented,77.06%,True,3.477
436,two_col_5674.png,ما هو العدد التقديري لمستخدمي الشبكات الاجتماعية في تايلاند بحلول عام 2025؟,61.76,٦١.٧٦,augmented,61.76 مليون,True,2.366
437,two_col_22318.png,كم عدد طلاب الجامعات في فيتنام عام 2019؟,1.67,١.٦٧,augmented,1.67 مليون,True,4.319
438,two_col_445.png,ما هي النسبة المئوية من إجمالي النفط المستهلك في منظمة التعاون الاقتصادي والتنمية (OECD) التي هي بتروكيماوية؟,13.63,١٣.٦٣,augmented,13.63%,True,1.493
439,two_col_381.png,ما هو الدين الوطني لليونان في الربع الثالث من عام 2020؟,341.02,٣٤١.٠٢,augmented,341.02,True,3.523
440,two_col_80901.png,ما هو نصيب الفرد من الناتج المحلي الإجمالي في مالي بالدولار في عام 2020؟,897.29,٨٩٧.٢٩,augmented,983.38$,False,2.947
441,two_col_103077.png,ما هي النسبة المئوية من الأشخاص الذين تمت مقابلتهم والذين أحبوا مشاهدة كرة القدم أو لعبها أو مواكبة أخبارها؟,57.4,٥٧.٤,augmented,"56.2%, 53.8%, 55.7%, 58%, 57.4%",True,1.762
442,two_col_80011.png,ما هي الصناعة التي تتوقع خسارة ملياري يورو من الإيرادات في عام 2020؟,Horticulture,البستنة,augmented,Horticulture,True,1.8
443,two_col_23139.png,"بأي نسبة زادت المبيعات الصافية العالمية لـ ""وول مارت"" في عام 2021؟",6.8,٦.٨,augmented,6.8%,True,1.618
444,multi_col_47.png,كم عدد حالات الانتحار الذكري في الولايات المتحدة عام 2018؟,22.8,٢٢.٨,augmented,"22.8 Suicide deaths per 100,000 resident population",True,1.419
445,two_col_22939.png,ما كان معدل الخصوبة في الولايات المتحدة في عام 2018؟,1.73,١.٧٣,augmented,1.73,True,2.415
446,two_col_21853.png,ما هي نسبة الدين الوطني إلى الناتج المحلي الإجمالي في صربيا عام 2020؟,58.37,٥٨.٣٧,augmented,58.37%,True,1.914
447,two_col_42057.png,كم عدد سلاسل متاجر التجزئة في الأحذية والجلود؟,58,٥٨,augmented,58,True,2.034
448,two_col_61821.png,ما هو مساهمة قطاع السفر والسياحة في الناتج المحلي الإجمالي لبلجيكا في عام 2017؟,24.9,٢٤.٩,augmented,24.7 billion euros,False,1.867
449,two_col_42040.png,كم عدد السائقات في الطريق في إلينوي عام 2016؟,4313854,٤٣١٣٨٥٤,augmented,4 313 854,False,2.352
450,two_col_21512.png,كم عدد رجال الإطفاء الذين توفوا في العام الماضي؟,64,٦٤,augmented,48,False,2.493
451,two_col_21512.png,كم عدد رجال الإطفاء الذين توفوا أثناء تأدية واجبهم في عام 2019؟,48,٤٨,augmented,48,True,2.127
452,two_col_41942.png,كم عدد الشخصيات المثليّة الجنسيّة (LGBTQ) التي عرضتها نتفليكس في موسم 2020-21؟,110,١١٠,augmented,110,True,1.581
453,two_col_1526.png,ما هو إيراد إنتل في عام 2020؟,77.87,٧٧.٨٧,augmented,77.87 مليار دولار,True,2.443
454,two_col_1526.png,ما هو إيراد إنتل في العام السابق؟,71.97,٧١.٩٧,augmented,77.87 billion U.S. dollars,False,1.727
455,two_col_101878.png,ما هي الدولة التي كانت الشريك التصديري الأهم لكوبا في عام 2019؟,China,الصين,augmented,China,True,1.716
456,two_col_286.png,كم عدد السيارات الخاصة في المملكة المتحدة عام 2019؟,32.9,٣٢.٩,augmented,32.9 million,True,2.567
457,multi_col_100626.png,كم عدد الرجال الذين عاشوا في باراغواي عام 2018؟,3.49,٣.٤٩,augmented,3.56 مليون,False,1.751
459,multi_col_100626.png,كم عدد النساء اللاتي عاشن في باراغواي عام 2018؟,3.42,٣.٤٢,augmented,3.45 مليون,False,1.569
460,two_col_5848.png,ما كان متوسط سعر التذكرة لمباريات سينسيناتي بنجالز في عام 2020؟,79.37,٧٩.٣٧,augmented,79.37,True,1.967
461,two_col_101800.png,ما هي القيمة التجارية لسباق دايتونا 500 بالدولار في عام 2017؟,140,١٤٠,augmented,140 million U.S. dollars,True,2.855
462,two_col_4300.png,ما هو الناتج المحلي الإجمالي لرومانيا بالدولار في عام 2019؟,247.21,٢٤٧.٢١,augmented,241.46 مليار دولار,False,1.534
463,two_col_41108.png,في أي عام كان أدنى معدل للقتل في الأرجنتين؟,2019,٢٠١٩,augmented,2019,True,1.367
464,two_col_41108.png,ما هو معدل القتل في عام 2013؟,8.8,٨.٨,augmented,"8.8 Homicides per 100,000 inhabitants",True,1.858
465,two_col_41485.png,ما هو الناتج المحلي الإجمالي لنيوجيرسي بالدولار في العام السابق؟,556.73,٥٥٦.٧٣,augmented,$556.73 billion,True,2.006
466,two_col_41485.png,ما هو الناتج المحلي الإجمالي الحقيقي لنيوجيرسي في عام 2020؟,534.13,٥٣٤.١٣,augmented,534.13 billion U.S. dollars,True,1.243
467,two_col_485.png,كم عدد مشجعي لوس أنجلوس ليكرز على فيسبوك؟,21.75,٢١.٧٥,augmented,21.75 مليون,True,2.187
468,two_col_485.png,كم عدد مشجعي فريق أتلانتا هوكس على فيسبوك؟,1.57,١.٥٧,augmented,1.57 مليون,True,2.218
469,two_col_485.png,كم عدد مشجعي الدوري الأمريكي للمحترفين على فيسبوك؟,39,٣٩,augmented,39 مليون,True,1.157
470,two_col_80612.png,كم دولاراً صدرت الولايات المتحدة إلى هونغ كونغ في عام 2020؟,23.99,٢٣.٩٩,augmented,23.99 مليار دولار,True,1.879
471,two_col_62255.png,ما هو معدل القتل في بليز قبل عام؟,33.5,٣٣.٥,augmented,"33.5 Homicides per 100,000 inhabitants",True,1.558
472,two_col_1273.png,أي دولة سجلت أعلى عدد من الزلازل من عام 1900 إلى عام 2016؟,China,الصين,augmented,China,True,1.657
473,two_col_1273.png,كم عدد الزلازل التي أبلغت عنها الصين بين عامي 1900 و 2016؟,157,١٥٧,augmented,157,True,1.962
474,multi_col_80010.png,ما هي قيمة قطاع الأثاث المنزلي لشركة لا-زي-بوي بالدولار في عام 2020؟,106.04,١٠٦.٠٤,augmented,$1 204.26، $598.55، $106.04,True,3.508
475,two_col_5351.png,ما هو معدل البطالة في نيويورك عام 2020؟,10,١٠,augmented,10%,True,2.14
476,two_col_5351.png,ما هو معدل البطالة السابق في نيويورك؟,3.8,٣.٨,augmented,"8.7%, 7.9%, 6.9%, 6.3%, 6.2%, 6.4%, 5.6%, 5.2%, 4.5%, 4.9%, 6.2%, 6.4%, 5.8%, 5%, 4.5%, 4.4%, 5.4%, 8.4%, 8.6%, 8.3%, 8.6%, 7.8%, 6.3%, 5.2%, 4.9%, 4.6%, 4.1%, 3.8%, 10%",True,3.716
477,two_col_62987.png,ما هي الشركة التي كانت المورد الرائد في سوق خدمات تكنولوجيا المعلومات العالمي؟,IBM,آي بي إم,augmented,IBM,True,2.553
478,two_col_1916.png,ما هو العدد المتوقع للأجهزة المحمولة العاملة على مستوى العالم بحلول عام 2024؟,17.72,١٧.٧٢,augmented,17.72 مليار,True,1.499
479,two_col_1916.png,في أي عام كان من المتوقع أن يصل عدد الأجهزة المحمولة إلى 17.72 مليار؟,2020,٢٠٢٠,augmented,2024*,False,1.271
480,two_col_21231.png,ما هي قيمة الولايات المتحدة بالدولار في عام 2019؟,1646,١٦٤٦,augmented,1 646 مليار دولار,False,2.306
481,two_col_101727.png,كم كلف احتفالات يوم النصر بالروبل الروسي في عام 2019؟,452,٤٥٢,augmented,452 million Russian rubles,True,1.835
482,two_col_104047.png,ما هو حجم دوران قطاع تجارة الجملة والتجزئة في عام 2015؟,137554.7,١٣٧٥٥٤.٧,augmented,137 554.7 million euros,False,2.181
483,two_col_4172.png,ما هو عدد مستخدمي فيسبوك في نيجيريا عام 2020؟,27.46,٢٧.٤٦,augmented,27.46 مليون,True,3.462
484,two_col_4172.png,ما هو العدد المتوقع لمستخدمي فيسبوك في نيجيريا في عام 2025؟,43.53,٤٣.٥٣,augmented,43.53 مليون مستخدم,True,2.055
485,two_col_61703.png,ما هو متوسط الأجر السنوي في هولندا من عام 2000 إلى عام 2019؟,48359,٤٨٣٥٩,augmented,"2000: 42 086, 2001: 42 649, 2002: 42 925, 2003: 43 381, 2004: 44 013, 2005: 44 185, 2006: 44 122, 2007: 44 616, 2008: 44 881, 2009: 46 630, 2010: 46 885, 2011: 46 571, 2012: 46 684, 2013: 46 694, 2014: 46 519, 2015: 47 016, 2016: 47 137, 2017: 46 755, 2018: 47 422, 2019: 48 359",False,2.269
486,two_col_22765.png,من هو قائد نقاط المسيرة في فريق نيويورك نيكس؟,Patrick Ewing,باتريك يوينغ,augmented,Patrick Ewing,True,1.591
487,two_col_61190.png,ما هي الدولة التي كانت أكبر دولة منشأ لحاملي تصاريح TFWP في عام 2019؟,Mexico,المكسيك,augmented,Mexico,True,1.492
488,two_col_23689.png,منذ أي عام بدأ عدد الوافدين السياحيين إلى مؤسسات الإقامة في مقدونيا الشمالية في التزايد؟,2010,٢٠١٠,augmented,2010,True,1.623
489,two_col_22552.png,أي دولة من دول الشمال الأوروبي كان لديها أدنى معدل ضريبة دخل الشركات؟,Finland,فنلندا,augmented,Finland، 20%,True,1.977
490,two_col_22552.png,ما هو معدل ضريبة دخل الشركات في النرويج عام 2017؟,24,٢٤,augmented,24%,True,2.773
491,two_col_22552.png,ما هو معدل ضريبة دخل الشركات في السويد والدنمارك في عام 2017؟,22,٢٢,augmented,السويد: 22%، الدنمارك: 22%,True,1.238
492,two_col_61894.png,ما هي إجمالي الطاقة الإنتاجية للبولي إيثيلين والبولي بروبيلين في عام 2017؟,172,١٧٢,augmented,172 million metric tons,True,1.622
493,two_col_4777.png,في أي عام نما الناتج المحلي الإجمالي للمملكة العربية السعودية بنسبة 0.33%؟,2016,٢٠١٦,augmented,2019,False,4.709
494,two_col_4777.png,ما هي نسبة نمو الناتج المحلي الإجمالي للمملكة العربية السعودية في عام 2019؟,0.33,٠.٣٣,augmented,0.33%,True,2.914
495,two_col_4707.png,ما هو الدين الوطني لسويسرا بالدولار في عام 2018؟,315.22,٣١٥.٢٢,augmented,315.22 مليار دولار,True,3.436
496,two_col_42617.png,كم عدد أيام الغطاء السحابي الكثيف التي سُجلت في سياتل، واشنطن عام 2011؟,226,٢٢٦,augmented,226,True,1.554
497,two_col_42617.png,ما هي المدينة التي سجلت أعلى عدد من أيام الغطاء السحابي الكثيف في عام 2011؟,"Portland, Oregon",بورتلاند، أوريغون,augmented,"Seattle, Washington",False,2.21
498,two_col_61339.png,ما هي صافي مبيعات مجموعة فوسيل بالدولار في عام 2019؟,2217.71,٢٢١٧.٧١,augmented,2 217.71 مليون دولار,False,1.71
499,two_col_2752.png,من لعب أكبر عدد من المباريات في تاريخ فرقة نيويورك يانكيز؟,Derek Jeter,ديريك جيتير,augmented,Derek Jeter، 2747,True,1.903
500,two_col_20263.png,كم عدد الأشخاص الذين كانوا موظفين في الولايات المتحدة في عام 2020؟,147.79,١٤٧.٧٩,augmented,148 مليون,False,3.19
501,two_col_102951.png,ما هي إجمالي صافي مبيعات التجزئة لإندونيسيا بالدولار في عام 2008؟,193.51,١٩٣.٥١,augmented,193.12 Billion U.S. dollars,False,2.083
502,two_col_82823.png,ما هو الطلب العالمي على النحاس في عام 2019؟,23.6,٢٣.٦,augmented,23.6 million metric tons,True,2.983
503,two_col_21152.png,كم عدد النساء اللاتي عملن في الولايات المتحدة في عام 2020؟,69.23,٦٩.٢٣,augmented,69.3 مليون,False,1.519
504,two_col_82537.png,"ما هي درجة ""إكوي تريند"" لـ ديزني وورلد في عام 2012؟",68.38,٦٨.٣٨,augmented,68.38,True,1.482
505,two_col_4532.png,ما كانت حصة سامسونج في سوق الساعات الذكية في عام 2014؟,23,٢٣,augmented,23%,True,1.528
507,two_col_21302.png,ما كان متوسط سعر التذكرة لمباريات نيويورك جيتس في عام 2020؟,94.16,٩٤.١٦,augmented,$94.16,True,1.969
508,multi_col_324.png,أين كان يقيم ثاني أكبر عدد من موظفي شركة بي إتش بي؟,South America,أمريكا الجنوبية,augmented,South America,True,5.205
509,two_col_1575.png,ما هو إيرادات فريق دالاس كاوبويز خلال موسم 2019؟,980,٩٨٠,augmented,980 million U.S. dollars,True,3.269
510,two_col_21554.png,ما هو أعلى معدل بطالة في ألاباما عام 2010؟,10.4,١٠.٤,augmented,9.6%,False,3.041
511,two_col_18.png,ما هي التكتل التكنولوجي الذي يمتلك أكبر عدد من المتابعين على فيسبوك؟,Samsung,سامسونج,augmented,Facebook,False,2.017
512,two_col_18.png,كم عدد الأشخاص الذين اشتركوا في صفحة كريستيانو رونالدو على فيسبوك في يونيو 2021؟,122.28,١٢٢.٢٨,augmented,122.28 مليون,True,1.516
513,multi_col_100456.png,ما هي نسبة النساء و 50% من الرجال اللاتي كن يمشين بشكل أكثر منذ فترة الإغلاق؟,61,٦١,augmented,61%,True,2.098
514,multi_col_1011.png,ما هي إيرادات حكومة أيرلندا في عام 2019؟,89.14,٨٩.١٤,augmented,89 billion euros,False,1.651
515,multi_col_1011.png,ما هو إنفاق حكومة أيرلندا في عام 2019؟,87.58,٨٧.٥٨,augmented,87.5 billion euros,False,1.285
516,two_col_1108.png,"أين أعلى معدل للعدوى لكل 10,000 نسمة؟",Zachodniopomorskie,البومراني الغربي,augmented,Zachodniopomorskie,True,2.025
517,two_col_83295.png,ما هي القيمة المضافة الإجمالية لقطاع النشر في عام 2010؟,9.25,٩.٢٥,augmented,9.25 billion GBP,True,1.383
518,two_col_43954.png,كم من المال تلقى نادي نيوكاسل يونايتد من فيرجن موني في موسم 2012/13؟,2.5,٢.٥,augmented,10 مليون GBP,False,1.477
519,two_col_1604.png,"خلال أي عام أكاديمي حقق معلمو المدارس الحكومية متوسط دخل قدره 63,645 دولارًا أمريكيًا سنويًا؟",2019-20,2019-20,augmented,2019-20,True,1.763
520,two_col_1031.png,من أين نشأت ثاني أعلى عدد من حالات فيروس كورونا؟,Austria,النمسا,augmented,Unknown,False,1.508
521,two_col_21668.png,ما هي قيمة إجمالي مبلغ صناديق الملكية الخاصة التي تم جمعها في أوروبا عام 2019؟,109.3,١٠٩.٣,augmented,109.3 billion euros,True,1.519
522,two_col_42326.png,ما كان معدل المواليد الخام في فرنسا عام 1800؟,29.4,٢٩.٤,augmented,29.5,True,3.004
523,two_col_42326.png,ما هو معدل المواليد الخام المتوقع أن يصل إليه في فرنسا في عام 2020؟,11.2,١١.٢,augmented,11.3,True,1.927
525,two_col_61158.png,ما هو إجمالي الإيرادات من المراهنات الرياضية للشهر الماضي؟,16.95,١٦.٩٥,augmented,26.35 million U.S. dollars,False,2.011
526,two_col_61158.png,ما هو مقدار الإيرادات التي حققتها إنديانا من المراهنات الرياضية في مارس 2021؟,26.35,٢٦.٣٥,augmented,26.35 million U.S. dollars,True,1.108
527,multi_col_21011.png,ما هو معدل فتح رسائل البريد الإلكتروني التي لم يتم تخصيصها على الإطلاق؟,13.1,١٣.١,augmented,13.1%,True,2.107
528,two_col_995.png,ما هو العدد المتوقع لمستخدمي فيسبوك في ماليزيا بحلول عام 2025؟,27.34,٢٧.٣٤,augmented,27.34 مليون,True,1.922
529,two_col_995.png,ما هو عدد مستخدمي فيسبوك في ماليزيا عام 2019؟,23,٢٣,augmented,23 مليون,True,1.412
530,multi_col_20906.png,في أي عام حقق بنك بي إن بي باريبا فورتیس أعلى اختراق للسوق في مجال الخدمات المصرفية للشركات بين البنوك؟,2021,٢٠٢١,augmented,2021,True,2.183
531,multi_col_20906.png,ما هي نسبة المسؤولين الماليين الذين قالوا إنهم يعتبرون بنك BNP Paribas البلجيكي ابنة مزودًا مهمًا لخدمات الخدمات المصرفية للشركات؟,96,٩٦,augmented,2017: 92%، 2018: 93%، 2019: 93%، 2020: 95%، 2021: 96%,True,1.949
532,multi_col_20285.png,في أي عام بدأ عدد سكان كولومبيا في إظهار اتجاه تصاعدي؟,2008,٢٠٠٨,augmented,2008,True,3.543
533,multi_col_20285.png,ما هو عدد سكان كولومبيا في عام 2018؟,49.65,٤٩.٦٥,augmented,49.65 مليون,True,1.556
534,two_col_61460.png,ما هو إجمالي إيرادات أكبر 100 شركة أسلحة في عام 2002؟,192,١٩٢,augmented,192 billion U.S. dollars,True,1.848
535,two_col_61460.png,ما هي إجمالي مبيعات الأسلحة والخدمات العسكرية من قبل أكبر شركات إنتاج الأسلحة في عام 2018؟,420,٤٢٠,augmented,420 billion U.S. dollars,True,1.271
536,multi_col_1050.png,ما هو حجم الإيرادات التي حققتها فئة الملابس الرياضية التابعة لنايكي في الولايات المتحدة عام 2020؟,12285,١٢٢٨٥,augmented,12 285 million U.S. dollars,False,1.741
537,two_col_61030.png,كم ساهمت صناعة التصنيع في الناتج المحلي الإجمالي لولاية لويزيانا في عام 2012؟,54.01,٥٤.٠١,augmented,54.01 مليار دولار,True,1.547
538,two_col_62590.png,متى كان أعلى إنفاق على البحث والتطوير في الصناعة الدوائية في كندا؟,2007,٢٠٠٧,augmented,2007,True,2.129
539,two_col_24523.png,ما هو إجمالي الإنفاق على منح بيل الفيدرالية في عام 1979/80؟,8.3,٨.٣,augmented,8 billion 2019 U.S. dollars,False,3.901
540,two_col_24523.png,ما هو الإنفاق على منح بيل الفيدرالية للعام الأكاديمي 2019/20؟,27.8,٢٧.٨,augmented,28 مليار دولار,False,1.82
541,two_col_41426.png,ما هو حجم توزيع كوبونات السلع الاستهلاكية في الولايات المتحدة في عام 2011؟,305,٣٠٥,augmented,305 billion,True,1.681
542,two_col_82437.png,ما هو مقدار الإيرادات التي حققها ستيتشر في عام 2019؟,72.55,٧٢.٥٥,augmented,72.55 million U.S. dollars,True,1.974
543,two_col_82437.png,ما هو إيراد ستيتشر في العام السابق؟,51.06,٥١.٠٦,augmented,51.06 million U.S. dollars,True,1.589
544,multi_col_80013.png,ما هي النسبة المئوية من الفئة العمرية 25 إلى 34 عامًا التي استخدمت الإنترنت خلال فترة المسح؟,97,٩٧,augmented,2012: 92%، 2013: 97%، 2014: 96%، 2015: 96%، 2016: 96%,True,2.002
545,multi_col_80013.png,في أي عام أُجري مسح استخدام الإنترنت في المملكة المتحدة؟,2012,٢٠١٢,augmented,2012، 2013، 2014، 2015، 2016,True,1.784
546,two_col_22866.png,من برز كمستشار الرائد لصفقات الاندماج والاستحواذ في السويد عام 2016؟,SEB,س.ي.ب,augmented,SEB,True,2.584
547,two_col_22866.png,ما هي قيمة صفقة SEB في عام 2016؟,15.72,١٥.٧٢,augmented,15.72 مليار دولار أمريكي,True,2.185
548,two_col_102152.png,كم يمكن أن تكلف الألبان أو الدقيق أو النشا أو الحبوب بدون اتفاق تجارة حرة؟,105,١٠٥,augmented,"Preparations of cereals, flours, starch or milk; pastrycooks' products: 105 million GBP, Dairy produce; birds' eggs; natural honey; edible products of animal origin, not elsewhere specified or included: 51 million GBP, Cereals: 22 million GBP, Products of the milling industry; malt; starches; inulin; wheat gluten: 16 million GBP",True,2.899
549,two_col_102152.png,كم يمكن أن تكلف تجارة المستحضرات الصالحة للأكل بدون اتفاقية تجارة حرة؟,111,١١١,augmented,111 مليون جنيه إسترليني,True,2.9
550,multi_col_80513.png,ما هي النسبة المئوية بين جميع المستجيبين؟,16,١٦,augmented,I invite friends at home more often: 19%، I go out less often: 16%، I go less to the restaurant: 16%,True,1.991
551,two_col_100281.png,ما هو حجم دوران صناعة التصنيع في المجر عام 2015؟,105442.5,١٠٥٤٤٢.٥,augmented,105 442.5 million euros,False,12.625
552,two_col_3893.png,ما هو متوسط الإنفاق على المنظفات ومستلزمات الغسيل في الولايات المتحدة عام 2014؟,147.55,١٤٧.٥٥,augmented,$147.55,True,4.447
553,two_col_526.png,من استحوذ على 13.16 بالمائة من سوق تطبيقات مكافحة البرامج الضارة لنظام ويندوز في مايو 2020؟,Symantec Corporation,شركة سيمانتيك,augmented,Symantec Corporation,True,4.774
554,two_col_1154.png,كم عدد المركبات التي باعتها جنرال موتورز في عام 2020؟,6.83,٦.٨٣,augmented,6.83 million,True,1.674
555,two_col_43610.png,ما هو متوسط السعر لكل كيلوواط/ساعة في شتاء 2019/20؟,12.9,١٢.٩,augmented,12.9 cents,True,1.585
556,two_col_24483.png,بحلول عام 2020، كم سيصرف جيل الألفية من المال في الولايات المتحدة؟,1.4,١.٤,augmented,1.4 trillion U.S. dollars,True,1.778
557,two_col_43469.png,ما هي الدولة التي سجلت أعلى معدل وفيات جنين في العالم عام 2009؟,Pakistan,باكستان,augmented,Pakistan,True,2.216
558,two_col_20201.png,ما كان متوسط سعر التذكرة في موسم 2006/07؟,45.34,٤٥.٣٤,augmented,45.34,True,2.04
559,two_col_1458.png,كم عدد أكياس القهوة بوزن 60 كيلوغرامًا المتوقع استهلاكها في كندا خلال السنة التسويقية المكونة من 12 شهرًا المنتهية في أكتوبر 2022؟,5.03,٥.٠٣,augmented,5.03 مليون كيس,True,1.614
560,two_col_83194.png,كم من المال تلقته ناسا في عام 2008؟,16519,١٦٥١٩,augmented,16 519,False,3.306
