task_id,question_id,image_path,query_text,model_response,ground_truth_code,code_generation_time,evaluation_result,IoU_Score
1,q1,/Users/smeh/Desktop/Thesis/DTurtleBench/Tasks/1/image/1.png,"creates exactly the same shape.

Constraint - Use these variables strictly:
radius=100","import turtle

radius = 100

t.penup()
t.goto(0, 0)
t.pendown()
t.circle(radius)",t.circle(radius),66.95,0.00%,0.0
2,q1,/Users/smeh/Desktop/Thesis/DTurtleBench/Tasks/2/image/2.png,"creates exactly the same shape.

Constraint - Use these variables strictly:
triangle_side=200","triangle_side=200
t.penup()
t.goto(0, 0)
t.pendown()
t.goto(triangle_side, 0)
t.goto(triangle_side / 2, triangle_side)
t.goto(0, 0)","t.setheading(60)
for i in range(3):
  t.forward(triangle_side)
  t.right(120)",89.31,0.00%,0.0
