task_id,question_id,image_path,query_text,ground_truth_code,model_response,code_generation_time
1,q4,..\Datasets\TurtleBench\Tasks\1\image\1.png,"recreates the given shape + its horizontal and vertical diameters.

Constraint - Use these variables strictly:
radius=100","t.circle(radius)
t.circle(radius, 90)
t.left(90)
t.forward(2 * radius)
t.left(90)
t.circle(radius, 90)
t.left(90)
t.forward(2 * radius)
","radius = 100
t.penup()
t.goto(0, -radius)
t.pendown()
t.circle(radius)
t.penup()
t.goto(-radius, 0)
t.pendown()
t.goto(radius, 0)
t.penup()
t.goto(0, -radius)
t.pendown()
t.goto(0, radius)",6.9
1,q1,..\Datasets\TurtleBench\Tasks\1\image\1.png,"creates exactly the same shape.

Constraint - Use these variables strictly:
radius=100","t.circle(radius)
","radius=100
t.penup()
t.goto(0, -radius)
t.pendown()
t.circle(radius)",4.9
