task_id,question_id,query_text,model_response,ground_truth_code,codegeneration_time,evaluation_passed
61,q1,creates exactly the same shape.,"t.penup()
t.goto(-100, 0)
t.pendown()
t.forward(200)
t.circle(100, 180)","t.left(90)
t.circle(semicircle_radius, 180)
t.left(90)
t.forward(2 * semicircle_radius)",13.05,False
61,q3,creates the same shape + two lines that divide the semicircle into three equal slices.,"import turtle
import math

t = turtle.Turtle()
t.width(3)

# Draw semicircle base
t.penup()
t.goto(-100, 0)
t.pendown()
t.goto(100, 0)
t.setheading(90)
t.circle(100, 180)

# Calculate and draw dividing lines
radius = 100
center_x, center_y = 0, 0
angles = [60, 120]

for angle_deg in angles:
    angle_rad = math.radians(angle_deg)
    end_x = center_x + radius * math.cos(angle_rad)
    end_y = center_y + radius * math.sin(angle_rad)
    
    t.penup()
    t.goto(center_x, center_y)
    t.pendown()
    t.goto(end_x, end_y)

turtle.done()","t.left(90)
t.circle(semicircle_radius, 180)
t.left(90)
t.forward(2 * semicircle_radius)
t.forward(-semicircle_radius)
t.left(120)
t.forward(semicircle_radius)
t.forward(-semicircle_radius)
t.right(60)
t.forward(semicircle_radius)
t.forward(-semicircle_radius)",73.84,False
