task_id,question_id,image_path,query_text,ground_truth_code,model_response,code_generation_time,LLM_Judge_Result,LLM_Judge_Reasoning
1,q4,..\DTurtleBench\Tasks\1\image\1.png,"recreates the given shape + its horizontal and vertical diameters.

Constraint - Use these variables strictly:
radius=100","t.circle(radius)
t.circle(radius, 90)
t.left(90)
t.forward(2 * radius)
t.left(90)
t.circle(radius, 90)
t.left(90)
t.forward(2 * radius)
","import turtle
radius=100
t=turtle.Turtle()
t.penup()
t.goto(0, -radius)
t.pendown()
t.circle(radius)",22.96,False,"The Model draws asingle full circle, while the Ground Truth combines multiple circles and straight lines, creating a distinct shape."
1,q1,..\DTurtleBench\Tasks\1\image\1.png,"creates exactly the same shape.

Constraint - Use these variables strictly:
radius=100","t.circle(radius)
","import turtle

radius = 100
t = turtle.Turtle()
t.circle(radius)
turtle.done",14.44,True,The drawing logic is identical.
1,q3,..\DTurtleBench\Tasks\1\image\1.png,"divides the shape into four equal pieces and draws the upper left and bottom right quarters.

Constraint - Use these variables strictly:
radius=100","for i in range(4):
        if i % 2 == 0:
          t.penup()
        else:
          t.pendown()
        t.circle(radius, 90)
","import turtle
import math

radius = 100
t = turtle.Turtle()
t.speed(0)

# Draw the circle (optional, but defines the shape)
t.penup()
t.goto(0, 0)
t.pendown()
t.circle(radius)

# --- Draw the Upper Left Quarter (Q2: 90 to 180 degrees) ---
t.penup()
t.goto(0, 0)
t.setheading(180)
t.pendown()
t.circle(radius, 90) # Draws the arc for the upper left quadrant

# --- Draw the Bottom Right Quarter (Q4: 270 to 360 degrees) ---
t.penup()
t.goto(0, 0)
t.setheading(270)
t.pendown()
t.circle(radius, 90) # Draws the arc for the bottom right quadrant",26.21,False,"The first script draws two separate quarter circles in Q2 and Q4, while the second script draws a continuous path connecting four quarter circles in sequence, forming a full circle."
1,q2,..\DTurtleBench\Tasks\1\image\1.png,"creates the upper semicircle in the given shape.

Constraint - Use these variables strictly:
radius=100","t.setheading(90)
t.circle(radius, 180)
","import turtle

radius = 100
t.penup()
t.goto(0, -radius)
t.pendown()
t.circle(radius, 180)",30.84,False,"The firstscript draws a semicircle centered at (0,0) facing upwards, while the second script's semicircle orientation depends on the turtle's initial position (ignored setup), likely resulting in a different spatial orientation."
